-- phpMyAdmin SQL Dump
-- version 4.8.5
-- https://www.phpmyadmin.net/
--
-- Servidor: 127.0.0.1
-- Tiempo de generación: 14-09-2019 a las 20:48:03
-- Versión del servidor: 10.1.38-MariaDB
-- Versión de PHP: 7.3.4

SET SQL_MODE = "NO_AUTO_VALUE_ON_ZERO";
SET AUTOCOMMIT = 0;
START TRANSACTION;
SET time_zone = "+00:00";


/*!40101 SET @OLD_CHARACTER_SET_CLIENT=@@CHARACTER_SET_CLIENT */;
/*!40101 SET @OLD_CHARACTER_SET_RESULTS=@@CHARACTER_SET_RESULTS */;
/*!40101 SET @OLD_COLLATION_CONNECTION=@@COLLATION_CONNECTION */;
/*!40101 SET NAMES utf8mb4 */;

--
-- Base de datos: `ecommerce_db`
--

-- --------------------------------------------------------

--
-- Estructura de tabla para la tabla `carritos`
--

CREATE TABLE `carritos` (
  `id` bigint(20) UNSIGNED NOT NULL,
  `created_at` timestamp NULL DEFAULT NULL,
  `updated_at` timestamp NULL DEFAULT NULL,
  `pedido` varchar(191) COLLATE utf8mb4_unicode_ci NOT NULL
) ENGINE=InnoDB DEFAULT CHARSET=utf8mb4 COLLATE=utf8mb4_unicode_ci;

--
-- Volcado de datos para la tabla `carritos`
--

INSERT INTO `carritos` (`id`, `created_at`, `updated_at`, `pedido`) VALUES
(120, '2019-09-12 21:06:54', '2019-09-12 21:06:54', 'poison'),
(121, '2019-09-12 21:25:09', '2019-09-12 21:25:09', 'Alice, surprised at this, she came in with a little startled when she went on growing, and very.'),
(122, '2019-09-12 21:27:12', '2019-09-12 21:27:12', 'Mock Turtle; \'but it seems to be lost, as she spoke; \'either you or your head must be removed,\'.'),
(123, '2019-09-13 01:07:58', '2019-09-13 01:07:58', 'When I used to say.\' \'So he did, so he with his head!\"\' \'How dreadfully savage!\' exclaimed Alice.'),
(124, '2019-09-13 01:40:59', '2019-09-13 01:40:59', 'However, everything is queer to-day.\' Just then she had nothing else to say anything. \'Why,\' said.'),
(125, '2019-09-13 01:47:28', '2019-09-13 01:47:28', 'CHAPTER III. A Caucus-Race and a bright brass plate with the Duchess, digging her sharp little.'),
(126, '2019-09-13 02:09:12', '2019-09-13 02:09:12', 'I am, sir,\' said Alice; \'all I know I have to ask any more HERE.\' \'But then,\' thought Alice.'),
(127, '2019-09-13 02:42:27', '2019-09-13 02:42:27', 'poison'),
(128, '2019-09-13 02:42:59', '2019-09-13 02:42:59', 'The Footman seemed to be lost: away went Alice like the Mock Turtle said with some severity; \'it\'s.');

-- --------------------------------------------------------

--
-- Estructura de tabla para la tabla `categorias`
--

CREATE TABLE `categorias` (
  `id` bigint(20) UNSIGNED NOT NULL,
  `created_at` timestamp NULL DEFAULT NULL,
  `updated_at` timestamp NULL DEFAULT NULL,
  `nombre` varchar(191) COLLATE utf8mb4_unicode_ci NOT NULL
) ENGINE=InnoDB DEFAULT CHARSET=utf8mb4 COLLATE=utf8mb4_unicode_ci;

--
-- Volcado de datos para la tabla `categorias`
--

INSERT INTO `categorias` (`id`, `created_at`, `updated_at`, `nombre`) VALUES
(1, '2019-08-31 20:32:28', '2019-08-31 20:32:28', 'cupiditate'),
(2, '2019-08-31 20:32:28', '2019-08-31 20:32:28', 'voluptatibus'),
(3, '2019-08-31 20:32:28', '2019-08-31 20:32:28', 'voluptate'),
(4, '2019-08-31 20:32:28', '2019-08-31 20:32:28', 'architecto'),
(5, '2019-08-31 20:32:28', '2019-08-31 20:32:28', 'facilis'),
(6, '2019-08-31 20:32:28', '2019-08-31 20:32:28', 'enim'),
(7, '2019-08-31 20:32:28', '2019-08-31 20:32:28', 'similique'),
(8, '2019-08-31 20:32:28', '2019-08-31 20:32:28', 'quasi'),
(9, '2019-08-31 20:32:28', '2019-08-31 20:32:28', 'voluptas'),
(10, '2019-08-31 20:32:28', '2019-08-31 20:32:28', 'velit'),
(11, '2019-08-31 20:32:28', '2019-08-31 20:32:28', 'dolor'),
(12, '2019-08-31 20:32:28', '2019-08-31 20:32:28', 'optio'),
(13, '2019-08-31 20:32:28', '2019-08-31 20:32:28', 'alias'),
(14, '2019-08-31 20:32:28', '2019-08-31 20:32:28', 'nihil'),
(15, '2019-08-31 20:32:28', '2019-08-31 20:32:28', 'quos'),
(16, '2019-08-31 20:32:28', '2019-08-31 20:32:28', 'beatae'),
(17, '2019-08-31 20:32:28', '2019-08-31 20:32:28', 'ab'),
(18, '2019-08-31 20:32:28', '2019-08-31 20:32:28', 'tempora'),
(19, '2019-08-31 20:32:29', '2019-08-31 20:32:29', 'nobis'),
(20, '2019-08-31 20:32:29', '2019-08-31 20:32:29', 'eos'),
(21, '2019-08-31 20:32:29', '2019-08-31 20:32:29', 'quidem'),
(22, '2019-08-31 20:32:29', '2019-08-31 20:32:29', 'quia'),
(23, '2019-08-31 20:32:29', '2019-08-31 20:32:29', 'officiis'),
(24, '2019-08-31 20:32:29', '2019-08-31 20:32:29', 'labore'),
(25, '2019-08-31 20:32:29', '2019-08-31 20:32:29', 'minima'),
(26, '2019-08-31 20:32:29', '2019-08-31 20:32:29', 'eum'),
(27, '2019-08-31 20:32:29', '2019-08-31 20:32:29', 'quisquam'),
(28, '2019-08-31 20:32:29', '2019-08-31 20:32:29', 'provident'),
(29, '2019-08-31 20:32:29', '2019-08-31 20:32:29', 'autem'),
(30, '2019-08-31 20:32:29', '2019-08-31 20:32:29', 'ut'),
(31, '2019-08-31 20:32:29', '2019-08-31 20:32:29', 'ea'),
(32, '2019-08-31 20:32:29', '2019-08-31 20:32:29', 'sit'),
(33, '2019-08-31 20:32:29', '2019-08-31 20:32:29', 'repellendus'),
(34, '2019-08-31 20:32:29', '2019-08-31 20:32:29', 'unde'),
(35, '2019-08-31 20:32:29', '2019-08-31 20:32:29', 'quis'),
(36, '2019-08-31 20:32:29', '2019-08-31 20:32:29', 'consequatur'),
(37, '2019-08-31 20:32:29', '2019-08-31 20:32:29', 'recusandae'),
(38, '2019-08-31 20:32:29', '2019-08-31 20:32:29', 'voluptatum'),
(39, '2019-08-31 20:32:29', '2019-08-31 20:32:29', 'voluptatem'),
(40, '2019-08-31 20:32:29', '2019-08-31 20:32:29', 'omnis'),
(41, '2019-08-31 20:32:30', '2019-08-31 20:32:30', 'aut'),
(42, '2019-08-31 20:32:30', '2019-08-31 20:32:30', 'et'),
(43, '2019-08-31 20:32:30', '2019-08-31 20:32:30', 'est'),
(44, '2019-08-31 20:32:30', '2019-08-31 20:32:30', 'aliquam'),
(45, '2019-08-31 20:32:30', '2019-08-31 20:32:30', 'qui'),
(46, '2019-08-31 20:32:30', '2019-08-31 20:32:30', 'illo'),
(47, '2019-08-31 20:32:30', '2019-08-31 20:32:30', 'molestiae'),
(48, '2019-08-31 20:32:30', '2019-08-31 20:32:30', 'rerum'),
(49, '2019-08-31 20:32:30', '2019-08-31 20:32:30', 'veniam'),
(50, '2019-08-31 20:32:30', '2019-08-31 20:32:30', 'ratione');

-- --------------------------------------------------------

--
-- Estructura de tabla para la tabla `marcas`
--

CREATE TABLE `marcas` (
  `id` bigint(20) UNSIGNED NOT NULL,
  `created_at` timestamp NULL DEFAULT NULL,
  `updated_at` timestamp NULL DEFAULT NULL,
  `nombre` varchar(191) COLLATE utf8mb4_unicode_ci NOT NULL
) ENGINE=InnoDB DEFAULT CHARSET=utf8mb4 COLLATE=utf8mb4_unicode_ci;

--
-- Volcado de datos para la tabla `marcas`
--

INSERT INTO `marcas` (`id`, `created_at`, `updated_at`, `nombre`) VALUES
(1, '2019-08-31 20:27:49', '2019-08-31 20:27:49', 'Rice LLC'),
(2, '2019-08-31 20:27:49', '2019-08-31 20:27:49', 'Gottlieb, Schneider and Price'),
(3, '2019-08-31 20:27:49', '2019-08-31 20:27:49', 'Jenkins and Sons'),
(4, '2019-08-31 20:27:49', '2019-08-31 20:27:49', 'Gaylord-Gaylord'),
(5, '2019-08-31 20:27:49', '2019-08-31 20:27:49', 'Schneider, Hermann and Wolff'),
(6, '2019-08-31 20:27:49', '2019-08-31 20:27:49', 'Hodkiewicz LLC'),
(7, '2019-08-31 20:27:49', '2019-08-31 20:27:49', 'Botsford, Kunde and Schuster'),
(8, '2019-08-31 20:27:49', '2019-08-31 20:27:49', 'Pollich, Hahn and Hansen'),
(9, '2019-08-31 20:27:49', '2019-08-31 20:27:49', 'Konopelski PLC'),
(10, '2019-08-31 20:27:49', '2019-08-31 20:27:49', 'Windler-Johnson'),
(11, '2019-08-31 20:27:49', '2019-08-31 20:27:49', 'Stroman and Sons'),
(12, '2019-08-31 20:27:49', '2019-08-31 20:27:49', 'Klocko PLC'),
(13, '2019-08-31 20:27:49', '2019-08-31 20:27:49', 'Bradtke LLC'),
(14, '2019-08-31 20:27:49', '2019-08-31 20:27:49', 'Schaden-Conroy'),
(15, '2019-08-31 20:27:49', '2019-08-31 20:27:49', 'Paucek, Pagac and Wisoky'),
(16, '2019-08-31 20:27:49', '2019-08-31 20:27:49', 'Bailey, Kemmer and Fisher'),
(17, '2019-08-31 20:27:49', '2019-08-31 20:27:49', 'Douglas LLC'),
(18, '2019-08-31 20:27:49', '2019-08-31 20:27:49', 'Wilkinson, Zulauf and Monahan'),
(19, '2019-08-31 20:27:50', '2019-08-31 20:27:50', 'Kilback and Sons'),
(20, '2019-08-31 20:27:50', '2019-08-31 20:27:50', 'Streich-Eichmann'),
(21, '2019-08-31 20:27:50', '2019-08-31 20:27:50', 'Cormier, Schmidt and Shields'),
(22, '2019-08-31 20:27:50', '2019-08-31 20:27:50', 'Huel-Steuber'),
(23, '2019-08-31 20:27:50', '2019-08-31 20:27:50', 'Grant, Ward and Weber'),
(24, '2019-08-31 20:27:50', '2019-08-31 20:27:50', 'Pollich-Satterfield'),
(25, '2019-08-31 20:27:50', '2019-08-31 20:27:50', 'Farrell Ltd'),
(26, '2019-08-31 20:27:50', '2019-08-31 20:27:50', 'Krajcik, Moen and Ondricka'),
(27, '2019-08-31 20:27:50', '2019-08-31 20:27:50', 'Kulas-Toy'),
(28, '2019-08-31 20:27:50', '2019-08-31 20:27:50', 'Pacocha, Cummerata and Koch'),
(29, '2019-08-31 20:27:50', '2019-08-31 20:27:50', 'Doyle LLC'),
(30, '2019-08-31 20:27:50', '2019-08-31 20:27:50', 'Bednar, Dietrich and Fisher'),
(31, '2019-08-31 20:27:50', '2019-08-31 20:27:50', 'Torphy-Gottlieb'),
(32, '2019-08-31 20:27:50', '2019-08-31 20:27:50', 'Upton, Bayer and Mante'),
(33, '2019-08-31 20:27:50', '2019-08-31 20:27:50', 'Osinski, Gleichner and Boyle'),
(34, '2019-08-31 20:27:50', '2019-08-31 20:27:50', 'Mosciski and Sons'),
(35, '2019-08-31 20:27:50', '2019-08-31 20:27:50', 'Haley-Beahan'),
(36, '2019-08-31 20:27:50', '2019-08-31 20:27:50', 'McCullough-Mertz'),
(37, '2019-08-31 20:27:50', '2019-08-31 20:27:50', 'McClure-Lind'),
(38, '2019-08-31 20:27:50', '2019-08-31 20:27:50', 'Langosh Ltd'),
(39, '2019-08-31 20:27:50', '2019-08-31 20:27:50', 'Hilpert-Mraz'),
(40, '2019-08-31 20:27:50', '2019-08-31 20:27:50', 'Mayert-Breitenberg'),
(41, '2019-08-31 20:27:50', '2019-08-31 20:27:50', 'Pouros PLC'),
(42, '2019-08-31 20:27:50', '2019-08-31 20:27:50', 'Walter-Farrell'),
(43, '2019-08-31 20:27:51', '2019-08-31 20:27:51', 'Zemlak, Williamson and White'),
(44, '2019-08-31 20:27:51', '2019-08-31 20:27:51', 'Hettinger, Beier and Miller'),
(45, '2019-08-31 20:27:51', '2019-08-31 20:27:51', 'Green Ltd'),
(46, '2019-08-31 20:27:51', '2019-08-31 20:27:51', 'McGlynn, Paucek and Schimmel'),
(47, '2019-08-31 20:27:51', '2019-08-31 20:27:51', 'Frami-Ankunding'),
(48, '2019-08-31 20:27:51', '2019-08-31 20:27:51', 'Schamberger-Blanda'),
(49, '2019-08-31 20:27:51', '2019-08-31 20:27:51', 'Lehner-Von'),
(50, '2019-08-31 20:27:51', '2019-08-31 20:27:51', 'Pagac, Ledner and Hirthe');

-- --------------------------------------------------------

--
-- Estructura de tabla para la tabla `migrations`
--

CREATE TABLE `migrations` (
  `id` int(10) UNSIGNED NOT NULL,
  `migration` varchar(191) COLLATE utf8mb4_unicode_ci NOT NULL,
  `batch` int(11) NOT NULL
) ENGINE=InnoDB DEFAULT CHARSET=utf8mb4 COLLATE=utf8mb4_unicode_ci;

--
-- Volcado de datos para la tabla `migrations`
--

INSERT INTO `migrations` (`id`, `migration`, `batch`) VALUES
(1, '2014_10_12_000000_create_users_table', 1),
(2, '2014_10_12_100000_create_password_resets_table', 1),
(3, '2019_08_31_132649_modify_users_table', 2),
(4, '2019_08_31_135113_create_marcas_table', 3),
(6, '2019_08_31_135913_create_categorias_table', 4),
(7, '2019_08_31_140826_create_productos_table', 5),
(8, '2019_08_31_152519_create_productos_marcas_table', 6),
(9, '2019_08_31_162555_create_carritos_table', 7),
(10, '2019_08_31_162754_create_productos_carritos_table', 8),
(11, '2019_09_01_232610_modificar_carritos_table', 9);

-- --------------------------------------------------------

--
-- Estructura de tabla para la tabla `password_resets`
--

CREATE TABLE `password_resets` (
  `email` varchar(191) COLLATE utf8mb4_unicode_ci NOT NULL,
  `token` varchar(191) COLLATE utf8mb4_unicode_ci NOT NULL,
  `created_at` timestamp NULL DEFAULT NULL
) ENGINE=InnoDB DEFAULT CHARSET=utf8mb4 COLLATE=utf8mb4_unicode_ci;

--
-- Volcado de datos para la tabla `password_resets`
--

INSERT INTO `password_resets` (`email`, `token`, `created_at`) VALUES
('nico@gmail.com', '$2y$10$9wiP2zow4QVr.Cr11lQSWOJHaQdBK2jZpCGikWReHclAWnulHjGqK', '2019-09-11 02:26:16');

-- --------------------------------------------------------

--
-- Estructura de tabla para la tabla `productos`
--

CREATE TABLE `productos` (
  `id` bigint(20) UNSIGNED NOT NULL,
  `created_at` timestamp NULL DEFAULT NULL,
  `updated_at` timestamp NULL DEFAULT NULL,
  `nombre` varchar(191) COLLATE utf8mb4_unicode_ci NOT NULL,
  `avatar` varchar(191) COLLATE utf8mb4_unicode_ci NOT NULL,
  `precio` decimal(8,2) NOT NULL,
  `stock` int(11) NOT NULL,
  `ingreso` date NOT NULL,
  `categoria_id` bigint(20) UNSIGNED NOT NULL
) ENGINE=InnoDB DEFAULT CHARSET=utf8mb4 COLLATE=utf8mb4_unicode_ci;

--
-- Volcado de datos para la tabla `productos`
--

INSERT INTO `productos` (`id`, `created_at`, `updated_at`, `nombre`, `avatar`, `precio`, `stock`, `ingreso`, `categoria_id`) VALUES
(4, '2019-09-01 04:12:42', '2019-09-01 04:12:42', 'Majesty,\' he began. \'You\'re a very respectful tone, but frowning and making quite a crowd of.', 'https://lorempixel.com/640/480/cats/?63696', '6217.00', 92, '1977-04-12', 29),
(5, '2019-09-01 04:12:42', '2019-09-01 04:12:42', 'Majesty,\' the Hatter hurriedly left the court, \'Bring me the list of the way--\' \'THAT generally.', 'https://lorempixel.com/640/480/cats/?27242', '8931.31', 15, '1983-01-02', 22),
(6, '2019-09-01 04:12:42', '2019-09-01 04:12:42', 'Caterpillar. \'Not QUITE right, I\'m afraid,\' said Alice, who was a most extraordinary noise going.', 'https://lorempixel.com/640/480/cats/?36613', '9546.55', 63, '1992-11-30', 15),
(8, '2019-09-01 04:12:42', '2019-09-01 04:12:42', 'How I wonder if I fell off the cake. * * * * * * \'What a curious croquet-ground in her lessons in.', 'https://lorempixel.com/640/480/cats/?63864', '4361.19', 24, '2013-03-11', 12),
(9, '2019-09-01 04:12:43', '2019-09-01 04:12:43', 'March Hare and his friends shared their never-ending meal, and the constant heavy sobbing of the.', 'https://lorempixel.com/640/480/cats/?57461', '9441.92', 41, '1992-10-13', 41),
(10, '2019-09-01 04:12:43', '2019-09-01 04:12:43', 'Alice, \'to pretend to be sure; but I don\'t put my arm round your waist,\' the Duchess said in a.', 'https://lorempixel.com/640/480/cats/?64141', '3553.71', 86, '1970-05-25', 31),
(11, '2019-09-01 04:12:43', '2019-09-01 04:12:43', 'Alice was very glad to find my way into that lovely garden. First, however, she again heard a.', 'https://lorempixel.com/640/480/cats/?24617', '2680.26', 84, '2007-11-01', 3),
(13, '2019-09-01 04:12:43', '2019-09-01 04:12:43', 'I should think it so quickly that the mouse to the Knave. The Knave shook his head contemptuously.', 'https://lorempixel.com/640/480/cats/?51600', '1569.65', 100, '1999-11-05', 14),
(14, '2019-09-01 04:12:43', '2019-09-01 04:12:43', 'However, everything is queer to-day.\' Just then she had nothing else to say anything. \'Why,\' said.', 'https://lorempixel.com/640/480/cats/?83450', '4432.92', 12, '1996-09-29', 4),
(16, '2019-09-01 04:12:43', '2019-09-01 04:12:43', 'Majesty,\' said Two, in a minute or two she stood still where she was, and waited. When the pie was.', 'https://lorempixel.com/640/480/cats/?49465', '8745.07', 7, '2017-09-17', 44),
(17, '2019-09-01 04:12:43', '2019-09-01 04:12:43', 'The only things in the air. Even the Duchess said to herself, and nibbled a little nervous about.', 'https://lorempixel.com/640/480/cats/?22682', '3965.09', 25, '1990-07-21', 19),
(18, '2019-09-01 04:12:43', '2019-09-01 04:12:43', 'THESE?\' said the Mock Turtle. \'Hold your tongue!\' added the Dormouse, and repeated her question.', 'https://lorempixel.com/640/480/cats/?89101', '4528.30', 51, '1996-01-08', 45),
(19, '2019-09-01 04:12:43', '2019-09-01 04:12:43', 'He got behind him, and said \'What else had you to sit down without being seen, when she had got.', 'https://lorempixel.com/640/480/cats/?26229', '297.96', 0, '1991-10-22', 41),
(20, '2019-09-01 04:12:43', '2019-09-01 04:12:43', 'Then followed the Knave of Hearts, carrying the King\'s crown on a summer day: The Knave of Hearts.', 'https://lorempixel.com/640/480/cats/?67344', '4732.80', 79, '2004-09-03', 40),
(21, '2019-09-01 04:12:43', '2019-09-01 04:12:43', 'The Footman seemed to be lost: away went Alice like the Mock Turtle said with some severity; \'it\'s.', 'https://lorempixel.com/640/480/cats/?79686', '3988.90', 81, '2006-04-17', 2),
(22, '2019-09-01 04:12:43', '2019-09-01 04:12:43', 'Alice began telling them her adventures from the Queen to-day?\' \'I should like to drop the jar for.', 'https://lorempixel.com/640/480/cats/?69213', '2190.44', 32, '2008-03-17', 1),
(23, '2019-09-01 04:12:43', '2019-09-01 04:12:43', 'As she said this she looked down at once, she found it so yet,\' said the Gryphon. \'I mean, what.', 'https://lorempixel.com/640/480/cats/?49474', '3648.00', 73, '1975-05-25', 46),
(24, '2019-09-01 04:12:43', '2019-09-01 04:12:43', 'Mock Turtle is.\' \'It\'s the thing Mock Turtle replied, counting off the fire, and at once without.', 'https://lorempixel.com/640/480/cats/?24557', '6519.00', 13, '2000-06-04', 47),
(25, '2019-09-01 04:12:43', '2019-09-01 04:12:43', 'Edwin and Morcar, the earls of Mercia and Northumbria--\"\' \'Ugh!\' said the last few minutes, and.', 'https://lorempixel.com/640/480/cats/?62270', '3933.74', 19, '1976-03-02', 43),
(26, '2019-09-01 04:12:43', '2019-09-01 04:12:43', 'Rabbit say, \'A barrowful will do, to begin lessons: you\'d only have to ask them what the next.', 'https://lorempixel.com/640/480/cats/?72102', '9176.08', 97, '2007-09-05', 43),
(27, '2019-09-01 04:12:43', '2019-09-01 04:12:43', 'The master was an immense length of neck, which seemed to be sure; but I hadn\'t cried so much!\'.', 'https://lorempixel.com/640/480/cats/?85244', '7363.89', 73, '1983-08-12', 16),
(28, '2019-09-01 04:12:43', '2019-09-01 04:12:43', 'She generally gave herself very good advice, (though she very seldom followed it), and sometimes.', 'https://lorempixel.com/640/480/cats/?10132', '803.98', 74, '2007-05-29', 45),
(29, '2019-09-01 04:12:43', '2019-09-01 04:12:43', 'She said the King. \'Then it ought to be lost: away went Alice like the Mock Turtle\'s heavy sobs.', 'https://lorempixel.com/640/480/cats/?44586', '5481.80', 81, '1995-09-13', 14),
(30, '2019-09-01 04:12:43', '2019-09-01 04:12:43', 'I beat him when he sneezes; For he can EVEN finish, if he thought it must be getting somewhere.', 'https://lorempixel.com/640/480/cats/?22621', '1451.64', 37, '1996-03-22', 47),
(31, '2019-09-01 04:12:43', '2019-09-01 04:12:43', 'I will tell you more than Alice could not even room for YOU, and no room to grow to my right size.', 'https://lorempixel.com/640/480/cats/?52158', '700.04', 16, '1983-03-20', 37),
(32, '2019-09-01 04:12:43', '2019-09-01 04:12:43', 'I don\'t know,\' he went on just as if it please your Majesty,\' he began, \'for bringing these in.', 'https://lorempixel.com/640/480/cats/?40006', '5708.64', 74, '1999-07-21', 6),
(33, '2019-09-01 04:12:43', '2019-09-01 04:12:43', 'It\'s the most confusing thing I know. Silence all round, if you like!\' the Duchess to play with.', 'https://lorempixel.com/640/480/cats/?47634', '443.60', 67, '1994-03-03', 23),
(34, '2019-09-01 04:12:43', '2019-09-01 04:12:43', 'Cat in a great deal of thought, and it put more simply--\"Never imagine yourself not to be treated.', 'https://lorempixel.com/640/480/cats/?65703', '781.20', 20, '1997-11-22', 29),
(35, '2019-09-01 04:12:43', '2019-09-01 04:12:43', 'The Duchess took her choice, and was looking up into a small passage, not much surprised at her.', 'https://lorempixel.com/640/480/cats/?69075', '3487.19', 92, '1988-09-04', 11),
(36, '2019-09-01 04:12:43', '2019-09-01 04:12:43', 'Alice remained looking thoughtfully at the March Hare. \'Exactly so,\' said Alice. \'I\'ve read that.', 'https://lorempixel.com/640/480/cats/?86908', '6080.20', 63, '2017-11-10', 15),
(37, '2019-09-01 04:12:43', '2019-09-01 04:12:43', 'Alice hastily replied; \'only one doesn\'t like changing so often, you know.\' It was, no doubt: only.', 'https://lorempixel.com/640/480/cats/?17924', '2550.08', 30, '1984-03-25', 49),
(38, '2019-09-01 04:12:43', '2019-09-01 04:12:43', 'FIT you,\' said Alice, \'I\'ve often seen a cat without a grin,\' thought Alice; \'only, as it\'s.', 'https://lorempixel.com/640/480/cats/?77293', '533.89', 45, '2002-11-12', 49),
(39, '2019-09-01 04:12:43', '2019-09-01 04:12:43', 'The Duchess took her choice, and was going on between the executioner, the King, and the sounds.', 'https://lorempixel.com/640/480/cats/?86845', '976.85', 2, '1978-08-07', 43),
(40, '2019-09-01 04:12:43', '2019-09-01 04:12:43', 'Alice. \'I\'m glad I\'ve seen that done,\' thought Alice. \'I\'m glad they don\'t give birthday presents.', 'https://lorempixel.com/640/480/cats/?96110', '5809.11', 74, '1980-02-14', 10),
(41, '2019-09-01 04:12:43', '2019-09-01 04:12:43', 'Alice in a confused way, \'Prizes! Prizes!\' Alice had no idea what a long breath, and till the eyes.', 'https://lorempixel.com/640/480/cats/?76737', '5565.20', 94, '1997-05-12', 40),
(42, '2019-09-01 04:12:43', '2019-09-01 04:12:43', 'THE.', 'https://lorempixel.com/640/480/cats/?10506', '964.18', 85, '1974-10-15', 5),
(43, '2019-09-01 04:12:43', '2019-09-01 04:12:43', 'At last the Caterpillar seemed to rise like a telescope! I think I should understand that better,\'.', 'https://lorempixel.com/640/480/cats/?83755', '3434.64', 51, '1987-10-26', 11),
(44, '2019-09-01 04:12:44', '2019-09-01 04:12:44', 'The first thing I\'ve got back to my right size for ten minutes together!\' \'Can\'t remember WHAT.', 'https://lorempixel.com/640/480/cats/?86719', '4050.76', 74, '1980-03-15', 16),
(45, '2019-09-01 04:12:44', '2019-09-01 04:12:44', 'Gryphon. \'They can\'t have anything to say, she simply bowed, and took the hookah out of sight, he.', 'https://lorempixel.com/640/480/cats/?79478', '8951.34', 55, '2009-03-12', 27),
(46, '2019-09-01 04:12:44', '2019-09-01 04:12:44', 'Elsie, Lacie, and Tillie; and they lived at the Queen, \'and he shall tell you my.', 'https://lorempixel.com/640/480/cats/?72444', '9657.44', 74, '1995-08-09', 5),
(47, '2019-09-01 04:12:44', '2019-09-01 04:12:44', 'Alice ventured to taste it, and very nearly carried it out loud. \'Thinking again?\' the Duchess was.', 'https://lorempixel.com/640/480/cats/?13945', '3508.29', 78, '1973-03-02', 30),
(48, '2019-09-01 04:12:44', '2019-09-01 04:12:44', 'Will you, won\'t you join the dance. Would not, could not, would not, could not, would not join the.', 'https://lorempixel.com/640/480/cats/?54093', '635.00', 30, '2014-02-06', 22),
(49, '2019-09-01 04:12:44', '2019-09-01 04:12:44', 'Duchess was sitting on the look-out for serpents night and day! Why, I haven\'t had a wink of sleep.', 'https://lorempixel.com/640/480/cats/?78154', '8011.00', 61, '1985-10-20', 39),
(50, '2019-09-01 04:12:44', '2019-09-01 04:12:44', 'Dormouse followed him: the March Hare. \'Then it wasn\'t very civil of you to offer it,\' said the.', 'https://lorempixel.com/640/480/cats/?25083', '8591.50', 3, '1974-04-16', 47),
(51, '2019-09-01 04:12:44', '2019-09-01 04:12:44', 'White Rabbit was no longer to be no chance of getting her hands up to her very much confused, \'I.', 'https://lorempixel.com/640/480/cats/?10453', '1825.11', 79, '1998-01-02', 3),
(52, '2019-09-01 04:12:44', '2019-09-01 04:12:44', 'Dormouse; \'VERY ill.\' Alice tried to look over their slates; \'but it sounds uncommon nonsense.\'.', 'https://lorempixel.com/640/480/cats/?96239', '317.01', 54, '1982-06-11', 15),
(53, '2019-09-01 04:12:44', '2019-09-01 04:12:44', 'So she was nine feet high, and her eyes anxiously fixed on it, for she was saying, and the arm.', 'https://lorempixel.com/640/480/cats/?58669', '4380.00', 30, '2000-04-28', 7),
(54, '2019-09-01 04:12:44', '2019-09-01 04:12:44', 'I\'ll stay down here with me! There are no mice in the sun. (IF you don\'t know of any one; so, when.', 'https://lorempixel.com/640/480/cats/?40474', '3349.78', 45, '2011-01-31', 47),
(55, '2019-09-01 04:12:44', '2019-09-01 04:12:44', 'Knave \'Turn them over!\' The Knave shook his grey locks, \'I kept all my life, never!\' They had a.', 'https://lorempixel.com/640/480/cats/?22246', '4143.94', 21, '1990-09-11', 19),
(56, '2019-09-01 04:12:44', '2019-09-01 04:12:44', 'WHAT?\' thought Alice \'without pictures or conversations?\' So she swallowed one of the jurors were.', 'https://lorempixel.com/640/480/cats/?95676', '9571.52', 86, '2010-05-31', 12),
(57, '2019-09-01 04:12:44', '2019-09-01 04:12:44', 'He was an immense length of neck, which seemed to be no doubt that it would be the right height to.', 'https://lorempixel.com/640/480/cats/?62896', '7748.31', 81, '1991-08-29', 20),
(58, '2019-09-01 04:12:44', '2019-09-01 04:12:44', 'I look like one, but the Hatter asked triumphantly. Alice did not at all a pity. I said \"What.', 'https://lorempixel.com/640/480/cats/?85959', '3104.12', 68, '1973-09-30', 5),
(59, '2019-09-01 04:12:44', '2019-09-01 04:12:44', 'Pat, what\'s that in about half no time! Take your choice!\' The Duchess took her choice, and was.', 'https://lorempixel.com/640/480/cats/?69857', '7446.33', 86, '1986-02-08', 3),
(60, '2019-09-01 04:12:44', '2019-09-01 04:12:44', 'Alice in a low, timid voice, \'If you can\'t be Mabel, for I know all the party went back to the.', 'https://lorempixel.com/640/480/cats/?55262', '1481.94', 67, '1984-12-19', 24),
(61, '2019-09-01 04:12:44', '2019-09-01 04:12:44', 'CHAPTER V. Advice from a Caterpillar The Caterpillar was the BEST butter, you know.\' He was an.', 'https://lorempixel.com/640/480/cats/?88411', '1484.19', 28, '1983-11-08', 28),
(62, '2019-09-01 04:12:44', '2019-09-01 04:12:44', 'Queen, but she was ever to get out of THIS!\' (Sounds of more broken glass.) \'Now tell me, Pat.', 'https://lorempixel.com/640/480/cats/?52071', '7922.24', 11, '1972-10-02', 40),
(63, '2019-09-01 04:12:44', '2019-09-01 04:12:44', 'Lizard as she spoke; \'either you or your head must be getting somewhere near the door that led.', 'https://lorempixel.com/640/480/cats/?13904', '4798.31', 27, '1995-07-22', 2),
(64, '2019-09-01 04:12:44', '2019-09-01 04:12:44', 'See how eagerly the lobsters to the baby, and not to be sure, this generally happens when you have.', 'https://lorempixel.com/640/480/cats/?52070', '8581.60', 11, '1999-09-28', 23),
(65, '2019-09-01 04:12:44', '2019-09-01 04:12:44', 'Bill\'s place for a great hurry. \'You did!\' said the King, \'that saves a world of trouble, you.', 'https://lorempixel.com/640/480/cats/?54577', '4979.26', 50, '2010-04-12', 18),
(66, '2019-09-01 04:12:44', '2019-09-01 04:12:44', 'Rabbit was still in sight, hurrying down it. There was a little nervous about it while the Mouse.', 'https://lorempixel.com/640/480/cats/?30352', '7009.21', 63, '1982-12-28', 30),
(67, '2019-09-01 04:12:44', '2019-09-01 04:12:44', 'The King\'s argument was, that her neck kept getting entangled among the people near the door.', 'https://lorempixel.com/640/480/cats/?48070', '9453.86', 20, '2008-12-03', 33),
(68, '2019-09-01 04:12:44', '2019-09-01 04:12:44', 'Sing her \"Turtle Soup,\" will you, won\'t you, won\'t you, will you, won\'t you, will you, won\'t you.', 'https://lorempixel.com/640/480/cats/?92472', '5744.00', 83, '2019-02-14', 12),
(69, '2019-09-01 04:12:44', '2019-09-01 04:12:44', 'Duck. \'Found IT,\' the Mouse was swimming away from her as she was trying to make out exactly what.', 'https://lorempixel.com/640/480/cats/?60247', '2409.27', 18, '1998-02-08', 49),
(70, '2019-09-01 04:12:44', '2019-09-01 04:12:44', 'We must have a prize herself, you know,\' said the Duchess; \'and most of \'em do.\' \'I don\'t think--\'.', 'https://lorempixel.com/640/480/cats/?11752', '339.01', 70, '1978-07-01', 44),
(71, '2019-09-01 04:12:44', '2019-09-01 04:12:44', 'I\'m sure _I_ shan\'t be able! I shall never get to the general conclusion, that wherever you go on?.', 'https://lorempixel.com/640/480/cats/?50049', '6759.12', 69, '1987-05-03', 16),
(72, '2019-09-01 04:12:44', '2019-09-01 04:12:44', 'Duchess. \'I make you grow taller, and the pair of boots every Christmas.\' And she tried the little.', 'https://lorempixel.com/640/480/cats/?32439', '6029.42', 56, '2003-03-17', 6),
(73, '2019-09-01 04:12:44', '2019-09-01 04:12:44', 'Rabbit just under the sea--\' (\'I haven\'t,\' said Alice)--\'and perhaps you haven\'t found it.', 'https://lorempixel.com/640/480/cats/?14384', '674.29', 6, '1980-01-24', 26),
(74, '2019-09-01 04:12:44', '2019-09-01 04:12:44', 'Alice for protection. \'You shan\'t be able! I shall think nothing of the Shark, But, when the White.', 'https://lorempixel.com/640/480/cats/?60779', '8967.86', 80, '1990-11-30', 44),
(75, '2019-09-01 04:12:45', '2019-09-01 04:12:45', 'ARE a simpleton.\' Alice did not wish to offend the Dormouse said--\' the Hatter with a melancholy.', 'https://lorempixel.com/640/480/cats/?37731', '2377.23', 71, '2003-02-01', 50),
(76, '2019-09-01 04:12:45', '2019-09-01 04:12:45', 'Alice, seriously, \'I\'ll have nothing more happened, she decided to remain where she was, and.', 'https://lorempixel.com/640/480/cats/?45036', '8536.95', 94, '1971-10-23', 37),
(77, '2019-09-01 04:12:45', '2019-09-01 04:12:45', 'I am so VERY nearly at the Gryphon never learnt it.\' \'Hadn\'t time,\' said the Duchess, \'chop off.', 'https://lorempixel.com/640/480/cats/?20283', '4204.00', 74, '1999-08-01', 25),
(78, '2019-09-01 04:12:45', '2019-09-01 04:12:45', 'You see the Hatter went on, yawning and rubbing its eyes, \'Of course, of course; just what I.', 'https://lorempixel.com/640/480/cats/?18879', '6198.30', 6, '1992-08-28', 19),
(79, '2019-09-01 04:12:45', '2019-09-01 04:12:45', 'Alice opened the door of the jurors had a VERY good opportunity for making her escape; so she went.', 'https://lorempixel.com/640/480/cats/?42451', '2153.60', 77, '1977-05-25', 23),
(81, '2019-09-01 04:12:45', '2019-09-01 04:12:45', 'Hatter. \'Nor I,\' said the Cat, and vanished. Alice was just going to remark myself.\' \'Have you.', 'https://lorempixel.com/640/480/cats/?44117', '4363.23', 99, '2001-05-30', 15),
(82, '2019-09-01 04:12:45', '2019-09-01 04:12:45', 'King, who had been anything near the entrance of the gloves, and was going to be, from one minute.', 'https://lorempixel.com/640/480/cats/?13723', '2833.27', 30, '2008-09-02', 22),
(83, '2019-09-01 04:12:45', '2019-09-01 04:12:45', 'King said to herself, for she was surprised to see the Hatter were having tea at it: a Dormouse.', 'https://lorempixel.com/640/480/cats/?74780', '5849.71', 57, '1997-11-30', 39),
(84, '2019-09-01 04:12:45', '2019-09-01 04:12:45', 'But at any rate he might answer questions.--How am I to do that,\' said the cook. The King looked.', 'https://lorempixel.com/640/480/cats/?17085', '4738.51', 57, '1999-11-03', 18),
(85, '2019-09-01 04:12:45', '2019-09-01 04:12:45', 'Father William replied to his son, \'I feared it might belong to one of them didn\'t know that.', 'https://lorempixel.com/640/480/cats/?72815', '8137.90', 27, '2002-11-27', 16),
(86, '2019-09-01 04:12:45', '2019-09-01 04:12:45', 'Mouse was bristling all over, and both footmen, Alice noticed, had powdered hair that WOULD always.', 'https://lorempixel.com/640/480/cats/?28949', '5021.73', 23, '2010-09-24', 20),
(87, '2019-09-01 04:12:45', '2019-09-01 04:12:45', 'Dinah, and saying \"Come up again, dear!\" I shall fall right THROUGH the earth! How funny it\'ll.', 'https://lorempixel.com/640/480/cats/?30125', '75.30', 49, '2006-05-28', 46),
(88, '2019-09-01 04:12:45', '2019-09-01 04:12:45', 'Indeed, she had sat down and began staring at the stick, and made another rush at the top of it.', 'https://lorempixel.com/640/480/cats/?58507', '8883.20', 5, '1999-10-23', 24),
(89, '2019-09-01 04:12:45', '2019-09-01 04:12:45', 'However, this bottle was NOT marked \'poison,\' so Alice ventured to taste it, and then another.', 'https://lorempixel.com/640/480/cats/?14757', '3740.80', 52, '2009-04-26', 23),
(90, '2019-09-01 04:12:45', '2019-09-01 04:12:45', 'March Hare. \'Sixteenth,\' added the Dormouse. \'Don\'t talk nonsense,\' said Alice indignantly. \'Let.', 'https://lorempixel.com/640/480/cats/?43080', '7900.68', 70, '1993-01-24', 10),
(91, '2019-09-01 04:12:45', '2019-09-01 04:12:45', 'And the Gryphon said, in a day did you begin?\' The Hatter looked at Alice. \'I\'M not a bit afraid.', 'https://lorempixel.com/640/480/cats/?53720', '4126.00', 94, '2005-07-08', 16),
(92, '2019-09-01 04:12:45', '2019-09-01 04:12:45', 'COULD grin.\' \'They all can,\' said the King; \'and don\'t be particular--Here, Bill! catch hold of.', 'https://lorempixel.com/640/480/cats/?30910', '7243.57', 29, '2002-06-20', 42),
(93, '2019-09-01 04:12:45', '2019-09-01 04:12:45', 'Queen! The Queen!\' and the pool of tears which she found it very nice, (it had, in fact, I didn\'t.', 'https://lorempixel.com/640/480/cats/?64908', '9463.62', 95, '1986-12-14', 2),
(94, '2019-09-01 04:12:45', '2019-09-01 04:12:45', 'I said \"What for?\"\' \'She boxed the Queen\'s voice in the distance. \'Come on!\' and ran the faster.', 'https://lorempixel.com/640/480/cats/?86073', '4701.90', 90, '2004-04-20', 11),
(95, '2019-09-01 04:12:45', '2019-09-01 04:12:45', 'I fancy--Who\'s to go with the bread-knife.\' The March Hare said--\' \'I didn\'t!\' the March Hare. \'He.', 'https://lorempixel.com/640/480/cats/?30296', '9222.85', 4, '1980-11-16', 20),
(96, '2019-09-01 04:12:45', '2019-09-01 04:12:45', 'Alice looked very uncomfortable. The moment Alice appeared, she was appealed to by all three dates.', 'https://lorempixel.com/640/480/cats/?63538', '2835.10', 23, '2018-08-01', 31),
(97, '2019-09-01 04:12:45', '2019-09-01 04:12:45', 'Alice, \'or perhaps they won\'t walk the way I ought to be a letter, after all: it\'s a French mouse.', 'https://lorempixel.com/640/480/cats/?86276', '9829.43', 70, '1975-03-31', 35),
(98, '2019-09-01 04:12:45', '2019-09-01 04:12:45', 'The moment Alice appeared, she was playing against herself, for this curious child was very.', 'https://lorempixel.com/640/480/cats/?18468', '6743.00', 94, '1972-01-16', 39),
(99, '2019-09-01 04:12:45', '2019-09-01 04:12:45', 'I\'ve made up my mind about it; and as it went. So she called softly after it, \'Mouse dear! Do come.', 'https://lorempixel.com/640/480/cats/?70510', '4857.43', 71, '1971-12-04', 11),
(100, '2019-09-01 04:12:45', '2019-09-01 04:12:45', 'King said to herself; \'I should have liked teaching it tricks very much, if--if I\'d only been the.', 'https://lorempixel.com/640/480/cats/?62524', '3867.34', 37, '1972-09-27', 1),
(101, '2019-09-01 04:12:45', '2019-09-01 04:12:45', 'Cat, \'or you wouldn\'t mind,\' said Alice: \'allow me to sell you a couple?\' \'You are old,\' said the.', 'https://lorempixel.com/640/480/cats/?38990', '6697.32', 36, '1982-11-03', 16),
(102, '2019-09-01 04:12:45', '2019-09-01 04:12:45', 'Lobster Quadrille, that she wanted much to know, but the wise little Alice and all sorts of.', 'https://lorempixel.com/640/480/cats/?39118', '5949.17', 77, '2018-07-01', 46),
(103, '2019-09-01 04:12:45', '2019-09-01 04:12:45', 'The Mouse only growled in reply. \'Please come back in a VERY turn-up nose, much more like a frog.', 'https://lorempixel.com/640/480/cats/?27499', '6091.82', 5, '2005-09-29', 24),
(104, '2019-09-01 04:12:46', '2019-09-01 04:12:46', 'I\'m opening out like the Mock Turtle would be the use of this remark, and thought it must be.', 'https://lorempixel.com/640/480/cats/?41709', '9462.10', 9, '1984-11-05', 36),
(106, '2019-09-01 04:12:46', '2019-09-01 04:12:46', 'So she set to work nibbling at the March Hare. Alice was more and more faintly came, carried on.', 'https://lorempixel.com/640/480/cats/?67111', '9129.45', 99, '1985-12-05', 36),
(107, '2019-09-01 04:12:46', '2019-09-01 04:12:46', 'However, I\'ve got to see it quite plainly through the doorway; \'and even if I must, I must,\' the.', 'https://lorempixel.com/640/480/cats/?36635', '4326.86', 5, '1978-03-18', 39),
(108, '2019-09-01 04:12:46', '2019-09-01 04:12:46', 'OF THE SLUGGARD,\"\' said the Duchess. An invitation for the garden!\' and she heard was a little now.', 'https://lorempixel.com/640/480/cats/?43074', '9533.73', 98, '1984-11-28', 1),
(109, '2019-09-01 04:12:46', '2019-09-01 04:12:46', 'Duck. \'Found IT,\' the Mouse in the world! Oh, my dear Dinah! I wonder what was on the ground near.', 'https://lorempixel.com/640/480/cats/?29284', '6746.51', 79, '1993-07-28', 33),
(110, '2019-09-01 04:12:46', '2019-09-01 04:12:46', 'Dinah my dear! Let this be a book of rules for shutting people up like telescopes: this time the.', 'https://lorempixel.com/640/480/cats/?82513', '667.56', 80, '2009-07-25', 11),
(111, '2019-09-01 04:12:46', '2019-09-01 04:12:46', 'Dormouse indignantly. However, he consented to go from here?\' \'That depends a good many little.', 'https://lorempixel.com/640/480/cats/?19037', '3617.61', 83, '2016-01-01', 24),
(112, '2019-09-01 04:12:46', '2019-09-01 04:12:46', 'William and offer him the crown. William\'s conduct at first was in livery: otherwise, judging by.', 'https://lorempixel.com/640/480/cats/?28639', '7015.00', 47, '2012-06-03', 19),
(113, '2019-09-01 04:12:46', '2019-09-01 04:12:46', 'PRECIOUS nose\'; as an unusually large saucepan flew close by it, and then nodded. \'It\'s no.', 'https://lorempixel.com/640/480/cats/?75224', '5931.17', 17, '2009-12-27', 8),
(114, '2019-09-01 04:12:46', '2019-09-01 04:12:46', 'Puss,\' she began, rather timidly, as she was coming to, but it just at present--at least I know I.', 'https://lorempixel.com/640/480/cats/?80127', '7296.82', 95, '1979-08-24', 46),
(115, '2019-09-01 04:12:46', '2019-09-01 04:12:46', 'The Queen\'s argument was, that if you only walk long enough.\' Alice felt so desperate that she.', 'https://lorempixel.com/640/480/cats/?76203', '6551.48', 76, '1998-04-05', 1),
(116, '2019-09-01 04:12:46', '2019-09-01 04:12:46', 'There were doors all round the court with a knife, it usually bleeds; and she sat on, with closed.', 'https://lorempixel.com/640/480/cats/?62765', '8685.00', 88, '2003-08-16', 32),
(117, '2019-09-01 04:12:46', '2019-09-01 04:12:46', 'This speech caused a remarkable sensation among the branches, and every now and then; such as.', 'https://lorempixel.com/640/480/cats/?26663', '6231.20', 39, '1983-04-21', 8),
(118, '2019-09-01 04:12:46', '2019-09-01 04:12:46', 'There seemed to quiver all over their slates; \'but it doesn\'t matter a bit,\' said the King.', 'https://lorempixel.com/640/480/cats/?63310', '1163.48', 73, '1989-12-31', 40),
(119, '2019-09-01 04:12:46', '2019-09-01 04:12:46', 'I suppose.\' So she tucked it away under her arm, with its eyelids, so he with his whiskers!\' For.', 'https://lorempixel.com/640/480/cats/?42021', '9697.08', 29, '1992-09-10', 5),
(120, '2019-09-01 04:12:46', '2019-09-01 04:12:46', 'Rabbit coming to look down and began staring at the mouth with strings: into this they slipped the.', 'https://lorempixel.com/640/480/cats/?55353', '6969.00', 97, '2004-01-02', 9),
(121, '2019-09-01 04:12:46', '2019-09-01 04:12:46', 'Eaglet, and several other curious creatures. Alice led the way, and nothing seems to like her.', 'https://lorempixel.com/640/480/cats/?56842', '6116.01', 74, '1976-07-03', 2),
(122, '2019-09-01 04:12:46', '2019-09-01 04:12:46', 'Knave of Hearts, carrying the King\'s crown on a crimson velvet cushion; and, last of all her riper.', 'https://lorempixel.com/640/480/cats/?56825', '4930.70', 97, '1970-04-30', 1),
(123, '2019-09-01 04:12:46', '2019-09-01 04:12:46', 'SHE, of course,\' he said to the table, but there were TWO little shrieks, and more puzzled, but.', 'https://lorempixel.com/640/480/cats/?59138', '7551.15', 55, '1979-09-21', 1),
(124, '2019-09-01 04:12:46', '2019-09-01 04:12:46', 'Alice; \'I daresay it\'s a set of verses.\' \'Are they in the back. At last the Mouse, frowning, but.', 'https://lorempixel.com/640/480/cats/?11093', '8567.68', 14, '1994-09-24', 15),
(125, '2019-09-01 04:12:46', '2019-09-01 04:12:46', 'Queen, \'Really, my dear, YOU must cross-examine THIS witness.\' \'Well, if I shall remember it in.', 'https://lorempixel.com/640/480/cats/?27702', '4562.31', 63, '2012-10-06', 42),
(126, '2019-09-01 04:12:46', '2019-09-01 04:12:46', 'I\'d taken the highest tree in the schoolroom, and though this was of very little way off, panting.', 'https://lorempixel.com/640/480/cats/?35876', '9495.66', 92, '2015-10-04', 47),
(127, '2019-09-01 04:12:46', '2019-09-01 04:12:46', 'Duchess, \'as pigs have to fly; and the pool a little scream, half of them--and it belongs to a.', 'https://lorempixel.com/640/480/cats/?27897', '6804.00', 4, '1979-12-07', 21),
(128, '2019-09-01 04:12:46', '2019-09-01 04:12:46', 'I BEG your pardon!\' cried Alice hastily, afraid that she wanted much to know, but the tops of the.', 'https://lorempixel.com/640/480/cats/?53952', '713.00', 100, '2017-10-27', 10),
(129, '2019-09-01 04:12:46', '2019-09-01 04:12:46', 'I\'ve tried hedges,\' the Pigeon in a low, hurried tone. He looked anxiously round, to make SOME.', 'https://lorempixel.com/640/480/cats/?53654', '2657.55', 64, '1974-09-16', 6),
(130, '2019-09-01 04:12:46', '2019-09-01 04:12:46', 'Just then her head was so small as this is May it won\'t be raving mad--at least not so mad as it.', 'https://lorempixel.com/640/480/cats/?57810', '3311.00', 81, '2000-05-15', 22),
(131, '2019-09-01 04:12:46', '2019-09-01 04:12:46', 'Alice desperately: \'he\'s perfectly idiotic!\' And she opened the door as you might catch a bat, and.', 'https://lorempixel.com/640/480/cats/?90733', '2631.30', 9, '1977-07-03', 29),
(132, '2019-09-01 04:12:46', '2019-09-01 04:12:46', 'I know all the way down one side and then another confusion of voices--\'Hold up his head--Brandy.', 'https://lorempixel.com/640/480/cats/?44865', '6813.50', 42, '2016-05-02', 21),
(133, '2019-09-01 04:12:46', '2019-09-01 04:12:46', 'Majesty,\' said the Dormouse, who seemed to be sure; but I hadn\'t cried so much!\' Alas! it was not.', 'https://lorempixel.com/640/480/cats/?59317', '2575.00', 19, '1997-07-14', 11),
(134, '2019-09-01 04:12:47', '2019-09-01 04:12:47', 'I look like it?\' he said. \'Fifteenth,\' said the Cat. \'--so long as there seemed to be a book of.', 'https://lorempixel.com/640/480/cats/?93476', '531.49', 70, '2015-07-27', 38),
(135, '2019-09-01 04:12:47', '2019-09-01 04:12:47', 'Alice said; but was dreadfully puzzled by the Queen was to find that her idea of the house if it.', 'https://lorempixel.com/640/480/cats/?80849', '4146.29', 0, '2014-06-14', 34),
(136, '2019-09-01 04:12:47', '2019-09-01 04:12:47', 'That your eye was as much as she swam about, trying to explain the paper. \'If there\'s no name.', 'https://lorempixel.com/640/480/cats/?69747', '7069.00', 13, '1992-09-19', 17),
(137, '2019-09-01 04:12:47', '2019-09-01 04:12:47', 'Queen was to get hold of this ointment--one shilling the box-- Allow me to introduce it.\' \'I don\'t.', 'https://lorempixel.com/640/480/cats/?48434', '1983.82', 57, '1987-12-19', 44),
(138, '2019-09-01 04:12:47', '2019-09-01 04:12:47', 'Alice. One of the trees as well as pigs, and was going to leave it behind?\' She said it to his.', 'https://lorempixel.com/640/480/cats/?54790', '2785.44', 58, '1993-04-24', 5),
(139, '2019-09-01 04:12:47', '2019-09-01 04:12:47', 'Queen. \'I haven\'t opened it yet,\' said the Queen, who had been looking over his shoulder as she.', 'https://lorempixel.com/640/480/cats/?30870', '6788.00', 69, '1976-04-26', 48),
(140, '2019-09-01 04:12:47', '2019-09-01 04:12:47', 'Imagine her surprise, when the Rabbit began. Alice gave a little bit of the words \'DRINK ME,\' but.', 'https://lorempixel.com/640/480/cats/?26495', '2890.04', 75, '1976-12-28', 42),
(141, '2019-09-01 04:12:47', '2019-09-01 04:12:47', 'The miserable Hatter dropped his teacup and bread-and-butter, and went back to the jury. \'Not yet.', 'https://lorempixel.com/640/480/cats/?36244', '2389.47', 56, '2012-12-14', 15),
(142, '2019-09-01 04:12:47', '2019-09-01 04:12:47', 'Mock Turtle recovered his voice, and, with tears again as she went slowly after it: \'I never heard.', 'https://lorempixel.com/640/480/cats/?11346', '1086.98', 21, '2009-07-09', 26),
(143, '2019-09-01 04:12:47', '2019-09-01 04:12:47', 'ME,\' said Alice in a sorrowful tone; \'at least there\'s no harm in trying.\' So she stood still.', 'https://lorempixel.com/640/480/cats/?71940', '6030.55', 0, '1989-05-20', 1),
(144, '2019-09-01 04:12:47', '2019-09-01 04:12:47', 'However, the Multiplication Table doesn\'t signify: let\'s try Geography. London is the same thing,\'.', 'https://lorempixel.com/640/480/cats/?22602', '646.24', 61, '2009-08-26', 43),
(145, '2019-09-01 04:12:47', '2019-09-01 04:12:47', 'Duchess, \'chop off her head!\' the Queen had only one who got any advantage from the Gryphon.', 'https://lorempixel.com/640/480/cats/?48695', '3475.00', 19, '2001-08-15', 29),
(146, '2019-09-01 04:12:47', '2019-09-01 04:12:47', 'Lizard in head downwards, and the Queen furiously, throwing an inkstand at the place of the room.', 'https://lorempixel.com/640/480/cats/?81486', '9833.70', 55, '1996-05-04', 29),
(147, '2019-09-01 04:12:47', '2019-09-01 04:12:47', 'Alice. \'Of course it was,\' he said. \'Fifteenth,\' said the King. On this the White Rabbit; \'in.', 'https://lorempixel.com/640/480/cats/?73457', '2096.60', 37, '1977-02-02', 10),
(148, '2019-09-01 04:12:47', '2019-09-01 04:12:47', 'Alice again, for really I\'m quite tired of swimming about here, O Mouse!\' (Alice thought this a.', 'https://lorempixel.com/640/480/cats/?52627', '2699.27', 74, '2010-07-06', 30),
(149, '2019-09-01 04:12:47', '2019-09-01 04:12:47', 'He looked anxiously round, to make the arches. The chief difficulty Alice found at first she would.', 'https://lorempixel.com/640/480/cats/?61798', '9855.00', 48, '2017-06-15', 31),
(150, '2019-09-01 04:12:47', '2019-09-01 04:12:47', 'The Gryphon sat up and ran off, thinking while she remembered that she knew that were of the fact.', 'https://lorempixel.com/640/480/cats/?65683', '689.78', 7, '2017-01-26', 29),
(151, '2019-09-01 04:12:47', '2019-09-01 04:12:47', 'Alice. \'I\'m glad they don\'t give birthday presents like that!\' But she waited for a conversation.', 'https://lorempixel.com/640/480/cats/?71743', '6564.00', 58, '1995-08-15', 23),
(152, '2019-09-01 04:12:47', '2019-09-01 04:12:47', 'Hatter: \'I\'m on the English coast you find a pleasure in all my life, never!\' They had not gone.', 'https://lorempixel.com/640/480/cats/?18067', '3633.06', 46, '1981-02-18', 11),
(153, '2019-09-01 04:12:47', '2019-09-01 04:12:47', 'Alice did not see anything that had made the whole party at once in a large pigeon had flown into.', 'https://lorempixel.com/640/480/cats/?39553', '3567.94', 67, '1987-09-08', 50),
(154, '2019-09-01 04:12:47', '2019-09-01 04:12:47', 'Alice replied, rather shyly, \'I--I hardly know, sir, just at present--at least I know all the time.', 'https://lorempixel.com/640/480/cats/?53054', '3482.55', 70, '1996-01-28', 40),
(155, '2019-09-01 04:12:47', '2019-09-01 04:12:47', 'King. The next thing was waving its right ear and left foot, so as to prevent its undoing itself,).', 'https://lorempixel.com/640/480/cats/?40384', '8317.02', 16, '1994-09-19', 29),
(156, '2019-09-01 04:12:47', '2019-09-01 04:12:47', 'Duchess; \'and most things twinkled after that--only the March Hare. Visit either you like: they\'re.', 'https://lorempixel.com/640/480/cats/?55112', '5420.30', 57, '1979-11-15', 2),
(157, '2019-09-01 04:12:47', '2019-09-01 04:12:47', 'King repeated angrily, \'or I\'ll have you got in as well,\' the Hatter said, tossing his head.', 'https://lorempixel.com/640/480/cats/?60655', '9526.13', 81, '2016-06-05', 2),
(158, '2019-09-01 04:12:47', '2019-09-01 04:12:47', 'Rabbit hastily interrupted. \'There\'s a great hurry; \'and their names were Elsie, Lacie, and.', 'https://lorempixel.com/640/480/cats/?40014', '9705.35', 82, '1970-04-01', 39),
(159, '2019-09-01 04:12:47', '2019-09-01 04:12:47', 'I should be like then?\' And she kept tossing the baby with some curiosity. \'What a number of.', 'https://lorempixel.com/640/480/cats/?50538', '1365.69', 71, '1984-07-16', 31),
(160, '2019-09-01 04:12:47', '2019-09-01 04:12:47', 'Be off, or I\'ll kick you down stairs!\' \'That is not said right,\' said the Hatter continued, \'in.', 'https://lorempixel.com/640/480/cats/?98110', '4131.59', 77, '2000-02-04', 19),
(161, '2019-09-01 04:12:47', '2019-09-01 04:12:47', 'White Rabbit hurried by--the frightened Mouse splashed his way through the little golden key in.', 'https://lorempixel.com/640/480/cats/?79303', '6893.41', 83, '1981-09-27', 31),
(162, '2019-09-01 04:12:47', '2019-09-01 04:12:47', 'Alice went on saying to herself, being rather proud of it: \'No room! No room!\' they cried out when.', 'https://lorempixel.com/640/480/cats/?92191', '2086.02', 34, '1981-02-03', 31),
(163, '2019-09-01 04:12:47', '2019-09-01 04:12:47', 'Mouse heard this, it turned a back-somersault in at the other, trying every door, she walked sadly.', 'https://lorempixel.com/640/480/cats/?25659', '6013.00', 84, '1975-10-15', 23),
(164, '2019-09-01 04:12:47', '2019-09-01 04:12:47', 'King. The White Rabbit with pink eyes ran close by it, and found quite a long way. So she set the.', 'https://lorempixel.com/640/480/cats/?92082', '8424.00', 49, '1989-03-22', 48),
(165, '2019-09-01 04:12:47', '2019-09-01 04:12:47', 'WOULD go with Edgar Atheling to meet William and offer him the crown. William\'s conduct at first.', 'https://lorempixel.com/640/480/cats/?69057', '5809.79', 83, '2018-02-16', 12),
(166, '2019-09-01 04:12:47', '2019-09-01 04:12:47', 'I\'ve tried hedges,\' the Pigeon in a bit.\' \'Perhaps it doesn\'t matter which way it was talking in.', 'https://lorempixel.com/640/480/cats/?46142', '5628.42', 18, '1994-07-25', 50),
(167, '2019-09-01 04:12:47', '2019-09-01 04:12:47', 'Forty-two. ALL PERSONS MORE THAN A MILE HIGH TO LEAVE THE COURT.\' Everybody looked at it again.', 'https://lorempixel.com/640/480/cats/?43638', '6704.75', 37, '2013-02-24', 42),
(168, '2019-09-01 04:12:47', '2019-09-01 04:12:47', 'King, the Queen, and in his throat,\' said the Gryphon. \'I mean, what makes them bitter--and--and.', 'https://lorempixel.com/640/480/cats/?96719', '2161.65', 86, '1986-08-05', 36),
(169, '2019-09-01 04:12:47', '2019-09-01 04:12:47', 'Besides, SHE\'S she, and I\'m sure I don\'t want YOU with us!\"\' \'They were obliged to have it.', 'https://lorempixel.com/640/480/cats/?18263', '7799.00', 46, '1982-02-25', 34),
(170, '2019-09-01 04:12:47', '2019-09-01 04:12:47', 'King hastily said, and went in. The door led right into a butterfly, I should think it was,\' he.', 'https://lorempixel.com/640/480/cats/?91687', '4500.92', 93, '2001-08-22', 11),
(171, '2019-09-01 04:12:47', '2019-09-01 04:12:47', 'And it\'ll fetch things when you throw them, and then sat upon it.) \'I\'m glad they\'ve begun asking.', 'https://lorempixel.com/640/480/cats/?55729', '7311.21', 68, '2003-03-03', 21),
(172, '2019-09-01 04:12:47', '2019-09-01 04:12:47', 'She was walking hand in hand, in couples: they were all crowded round it, panting, and asking.', 'https://lorempixel.com/640/480/cats/?85376', '647.00', 65, '1970-03-05', 42),
(173, '2019-09-01 04:12:47', '2019-09-01 04:12:47', 'Majesty?\' he asked. \'Begin at the bottom of a muchness\"--did you ever saw. How she longed to get.', 'https://lorempixel.com/640/480/cats/?26016', '4329.00', 79, '2017-09-13', 46),
(174, '2019-09-01 04:12:48', '2019-09-01 04:12:48', 'Duchess replied, in a mournful tone, \'he won\'t do a thing I know. Silence all round, if you like,\'.', 'https://lorempixel.com/640/480/cats/?35671', '6584.13', 99, '1981-11-15', 21),
(175, '2019-09-01 04:12:48', '2019-09-01 04:12:48', 'That he met in the after-time, be herself a grown woman; and how she would manage it. \'They were.', 'https://lorempixel.com/640/480/cats/?92686', '9152.55', 12, '1980-02-16', 47),
(176, '2019-09-01 04:12:48', '2019-09-01 04:12:48', 'King, and he hurried off. Alice thought to herself \'This is Bill,\' she gave her answer. \'They\'re.', 'https://lorempixel.com/640/480/cats/?24374', '6964.00', 33, '2018-10-29', 32),
(177, '2019-09-01 04:12:48', '2019-09-01 04:12:48', 'YOU, and no more to be no use speaking to a lobster--\' (Alice began to repeat it, but her voice.', 'https://lorempixel.com/640/480/cats/?48840', '4002.40', 74, '1979-11-15', 4),
(178, '2019-09-01 04:12:48', '2019-09-01 04:12:48', 'I was thinking I should be free of them can explain it,\' said Alice. \'Why not?\' said the King.', 'https://lorempixel.com/640/480/cats/?99274', '2279.25', 83, '2001-12-14', 32),
(179, '2019-09-01 04:12:48', '2019-09-01 04:12:48', 'On which Seven looked up eagerly, half hoping she might find another key on it, or at least one of.', 'https://lorempixel.com/640/480/cats/?40736', '7748.10', 82, '1978-12-28', 30),
(180, '2019-09-01 04:12:48', '2019-09-01 04:12:48', 'Alice herself, and shouted out, \'You\'d better not talk!\' said Five. \'I heard every word you.', 'https://lorempixel.com/640/480/cats/?26433', '3500.81', 32, '2007-01-13', 39),
(181, '2019-09-01 04:12:48', '2019-09-01 04:12:48', 'The Knave shook his head sadly. \'Do I look like one, but the Rabbit asked. \'No, I give you fair.', 'https://lorempixel.com/640/480/cats/?26825', '9870.60', 78, '1987-03-25', 37),
(182, '2019-09-01 04:12:48', '2019-09-01 04:12:48', 'They all returned from him to be done, I wonder?\' And here Alice began to tremble. Alice looked.', 'https://lorempixel.com/640/480/cats/?64916', '4354.01', 65, '2005-09-18', 41),
(183, '2019-09-01 04:12:48', '2019-09-01 04:12:48', 'So they had at the beginning,\' the King said to live. \'I\'ve seen hatters before,\' she said this.', 'https://lorempixel.com/640/480/cats/?67766', '6451.65', 18, '2012-04-03', 29),
(184, '2019-09-01 04:12:48', '2019-09-01 04:12:48', 'As they walked off together, Alice heard it muttering to himself in an undertone to the.', 'https://lorempixel.com/640/480/cats/?77126', '8870.00', 36, '2008-04-25', 31),
(185, '2019-09-01 04:12:48', '2019-09-01 04:12:48', 'Alice looked at them with the words came very queer indeed:-- \'\'Tis the voice of the Queen put on.', 'https://lorempixel.com/640/480/cats/?53620', '4130.05', 79, '1989-03-12', 32),
(186, '2019-09-01 04:12:48', '2019-09-01 04:12:48', 'Dormouse, not choosing to notice this question, but hurriedly went on, \'--likely to win, that it\'s.', 'https://lorempixel.com/640/480/cats/?63335', '19.08', 48, '1992-10-05', 39),
(187, '2019-09-01 04:12:48', '2019-09-01 04:12:48', 'I can listen all day to such stuff? Be off, or I\'ll have you executed, whether you\'re nervous or.', 'https://lorempixel.com/640/480/cats/?65760', '9697.10', 44, '1984-09-06', 47),
(188, '2019-09-01 04:12:48', '2019-09-01 04:12:48', 'Alice was so much contradicted in her hands, and began:-- \'You are old,\' said the Queen. \'Well, I.', 'https://lorempixel.com/640/480/cats/?68315', '3230.88', 81, '2013-12-10', 22),
(189, '2019-09-01 04:12:48', '2019-09-01 04:12:48', 'When the Mouse was bristling all over, and both footmen, Alice noticed, had powdered hair that.', 'https://lorempixel.com/640/480/cats/?71793', '5732.10', 91, '2007-02-17', 18),
(190, '2019-09-01 04:12:48', '2019-09-01 04:12:48', 'And the Gryphon repeated impatiently: \'it begins \"I passed by his face only, she would feel very.', 'https://lorempixel.com/640/480/cats/?41250', '4064.68', 48, '1973-04-14', 40),
(191, '2019-09-01 04:12:48', '2019-09-01 04:12:48', 'Alice remarked. \'Right, as usual,\' said the King. On this the whole court was in March.\' As she.', 'https://lorempixel.com/640/480/cats/?74183', '6794.19', 84, '1989-05-30', 40),
(192, '2019-09-01 04:12:48', '2019-09-01 04:12:48', 'Hatter. \'I deny it!\' said the Queen, \'and take this young lady tells us a story!\' said the Mock.', 'https://lorempixel.com/640/480/cats/?56690', '7709.50', 8, '2004-07-25', 49),
(193, '2019-09-01 04:12:48', '2019-09-01 04:12:48', 'I know all sorts of things--I can\'t remember things as I used--and I don\'t care which happens!\'.', 'https://lorempixel.com/640/480/cats/?98224', '3407.09', 1, '2007-05-11', 29),
(194, '2019-09-01 04:12:48', '2019-09-01 04:12:48', 'English, who wanted leaders, and had to fall a long breath, and till the eyes appeared, and then.', 'https://lorempixel.com/640/480/cats/?64655', '4691.30', 4, '2016-04-17', 42),
(195, '2019-09-01 04:12:48', '2019-09-01 04:12:48', 'Alice desperately: \'he\'s perfectly idiotic!\' And she thought it had finished this short speech.', 'https://lorempixel.com/640/480/cats/?52424', '2750.65', 17, '1981-11-30', 21),
(196, '2019-09-01 04:12:48', '2019-09-01 04:12:48', 'Dodo replied very gravely. \'What else had you to offer it,\' said Alice. \'That\'s the first sentence.', 'https://lorempixel.com/640/480/cats/?32885', '333.85', 57, '1986-11-24', 3),
(197, '2019-09-01 04:12:48', '2019-09-01 04:12:48', 'Magpie began wrapping itself up very sulkily and crossed over to the fifth bend, I think?\' \'I had.', 'https://lorempixel.com/640/480/cats/?48522', '5708.41', 88, '2005-09-02', 43),
(198, '2019-09-01 04:12:48', '2019-09-01 04:12:48', 'This seemed to listen, the whole cause, and condemn you to learn?\' \'Well, there was hardly room.', 'https://lorempixel.com/640/480/cats/?59240', '4268.34', 61, '2014-03-12', 46),
(199, '2019-09-01 04:12:48', '2019-09-01 04:12:48', 'When I used to say.\' \'So he did, so he did,\' said the Mock Turtle: \'why, if a dish or kettle had.', 'https://lorempixel.com/640/480/cats/?93974', '7345.60', 77, '2010-03-21', 19),
(200, '2019-09-01 04:12:48', '2019-09-01 04:12:48', 'At this moment Five, who had spoken first. \'That\'s none of YOUR business, Two!\' said Seven. \'Yes.', 'https://lorempixel.com/640/480/cats/?65502', '7021.44', 41, '2012-10-13', 24),
(201, '2019-09-01 04:12:48', '2019-09-01 04:12:48', 'Turtle sang this, very slowly and sadly:-- \'\"Will you walk a little scream of laughter. \'Oh.', 'https://lorempixel.com/640/480/cats/?63700', '6439.88', 30, '2007-10-03', 6),
(202, '2019-09-01 04:12:48', '2019-09-01 04:12:48', 'While the Panther were sharing a pie--\' [later editions continued as follows When the pie was all.', 'https://lorempixel.com/640/480/cats/?69490', '5614.24', 25, '2005-02-13', 38),
(203, '2019-09-01 04:12:48', '2019-09-01 04:12:48', 'Just at this moment Five, who had not gone (We know it was only the pepper that had fluttered down.', 'https://lorempixel.com/640/480/cats/?91240', '8834.70', 64, '1975-04-03', 15),
(204, '2019-09-01 04:12:48', '2019-09-01 04:12:48', 'Either the well was very glad to get through the wood. \'If it had been. But her sister was.', 'https://lorempixel.com/640/480/cats/?27860', '2081.00', 15, '2014-11-08', 28),
(205, '2019-09-01 04:12:48', '2019-09-01 04:12:48', 'Alice more boldly: \'you know you\'re growing too.\' \'Yes, but I can\'t put it into his cup of tea.', 'https://lorempixel.com/640/480/cats/?43525', '5768.47', 52, '1973-06-29', 43),
(206, '2019-09-01 04:12:48', '2019-09-01 04:12:48', 'I hadn\'t to bring but one; Bill\'s got the other--Bill! fetch it back!\' \'And who is Dinah, if I.', 'https://lorempixel.com/640/480/cats/?37266', '7195.40', 36, '2009-02-22', 16),
(207, '2019-09-01 04:12:48', '2019-09-01 04:12:48', 'The Hatter was out of a candle is like after the birds! Why, she\'ll eat a little pattering of feet.', 'https://lorempixel.com/640/480/cats/?19754', '5294.76', 58, '2000-02-17', 34),
(208, '2019-09-01 04:12:48', '2019-09-01 04:12:48', 'Who in the night? Let me think: was I the same thing with you,\' said Alice, and she tried hard to.', 'https://lorempixel.com/640/480/cats/?47783', '3952.73', 26, '1972-05-25', 7),
(209, '2019-09-01 04:12:48', '2019-09-01 04:12:48', 'Alice; \'only, as it\'s asleep, I suppose Dinah\'ll be sending me on messages next!\' And she began.', 'https://lorempixel.com/640/480/cats/?84934', '5103.01', 18, '2014-11-17', 45),
(210, '2019-09-01 04:12:48', '2019-09-01 04:12:48', 'Mouse looked at Alice, as she ran; but the Mouse was bristling all over, and she was quite.', 'https://lorempixel.com/640/480/cats/?74254', '9588.11', 70, '2015-02-03', 38),
(211, '2019-09-01 04:12:48', '2019-09-01 04:12:48', 'Mock Turtle. \'Very much indeed,\' said Alice. \'Why?\' \'IT DOES THE BOOTS AND SHOES.\' the Gryphon.', 'https://lorempixel.com/640/480/cats/?83778', '3998.23', 49, '1994-04-11', 38),
(212, '2019-09-01 04:12:49', '2019-09-01 04:12:49', 'Alice. \'I mean what I see\"!\' \'You might just as I\'d taken the highest tree in front of them, with.', 'https://lorempixel.com/640/480/cats/?89255', '1014.23', 64, '1999-08-01', 32),
(213, '2019-09-01 04:12:49', '2019-09-01 04:12:49', 'King, \'that only makes the world you fly, Like a tea-tray in the long hall, and close to them.', 'https://lorempixel.com/640/480/cats/?55700', '4361.95', 69, '1975-05-11', 41),
(214, '2019-09-01 04:12:49', '2019-09-01 04:12:49', 'Which shall sing?\' \'Oh, YOU sing,\' said the last words out loud, and the choking of the jurymen.', 'https://lorempixel.com/640/480/cats/?35540', '2877.39', 86, '1981-09-26', 25),
(215, '2019-09-01 04:12:49', '2019-09-01 04:12:49', 'WOULD twist itself round and round goes the clock in a thick wood. \'The first thing I\'ve got back.', 'https://lorempixel.com/640/480/cats/?61638', '2817.58', 30, '1982-11-10', 19),
(216, '2019-09-01 04:12:49', '2019-09-01 04:12:49', 'Mouse to Alice for protection. \'You shan\'t be able! I shall be punished for it flashed across her.', 'https://lorempixel.com/640/480/cats/?46131', '6203.70', 47, '1979-01-25', 49),
(217, '2019-09-01 04:12:49', '2019-09-01 04:12:49', 'By this time she went nearer to make the arches. The chief difficulty Alice found at first she.', 'https://lorempixel.com/640/480/cats/?36167', '5216.97', 94, '1984-02-16', 22),
(218, '2019-09-01 04:12:49', '2019-09-01 04:12:49', 'The executioner\'s argument was, that if you want to get dry very soon. \'Ahem!\' said the Duchess.', 'https://lorempixel.com/640/480/cats/?46867', '7626.00', 33, '2001-04-11', 46),
(219, '2019-09-01 04:12:49', '2019-09-01 04:12:49', 'Alice, and sighing. \'It IS the use of this ointment--one shilling the box-- Allow me to him: She.', 'https://lorempixel.com/640/480/cats/?82602', '9637.00', 70, '2009-04-11', 8),
(220, '2019-09-01 04:12:49', '2019-09-01 04:12:49', 'Alice, and her eyes filled with tears running down his brush, and had to be a Caucus-race.\' \'What.', 'https://lorempixel.com/640/480/cats/?12556', '6129.90', 12, '2005-09-07', 8),
(221, '2019-09-01 04:12:49', '2019-09-01 04:12:49', 'I\'m quite tired of being upset, and their slates and pencils had been all the same, the next.', 'https://lorempixel.com/640/480/cats/?15529', '1108.53', 89, '1988-11-07', 9),
(222, '2019-09-01 04:12:49', '2019-09-01 04:12:49', 'Alice had no idea what Latitude was, or Longitude I\'ve got to see it quite plainly through the.', 'https://lorempixel.com/640/480/cats/?38746', '9274.87', 87, '2006-06-25', 22),
(223, '2019-09-01 04:12:49', '2019-09-01 04:12:49', 'Mouse replied rather crossly: \'of course you don\'t!\' the Hatter were having tea at it: a Dormouse.', 'https://lorempixel.com/640/480/cats/?62258', '8710.20', 98, '2003-02-26', 4);
INSERT INTO `productos` (`id`, `created_at`, `updated_at`, `nombre`, `avatar`, `precio`, `stock`, `ingreso`, `categoria_id`) VALUES
(224, '2019-09-01 04:12:49', '2019-09-01 04:12:49', 'Dormouse into the way YOU manage?\' Alice asked. \'We called him Tortoise because he taught us,\'.', 'https://lorempixel.com/640/480/cats/?50662', '9522.00', 39, '1982-01-30', 49),
(225, '2019-09-01 04:12:49', '2019-09-01 04:12:49', 'And mentioned me to him: She gave me a pair of the moment she quite forgot how to spell \'stupid,\'.', 'https://lorempixel.com/640/480/cats/?36497', '7226.00', 43, '1985-04-05', 31),
(226, '2019-09-01 04:12:49', '2019-09-01 04:12:49', 'I\'m a hatter.\' Here the other side of WHAT?\' thought Alice to herself. \'Shy, they seem to dry me.', 'https://lorempixel.com/640/480/cats/?53024', '6302.20', 16, '1992-03-12', 10),
(227, '2019-09-01 04:12:49', '2019-09-01 04:12:49', 'YOU do it!--That I won\'t, then!--Bill\'s to go through next walking about at the end of the.', 'https://lorempixel.com/640/480/cats/?68681', '677.23', 69, '2006-08-27', 34),
(228, '2019-09-01 04:12:49', '2019-09-01 04:12:49', 'Duchess, the Duchess! Oh! won\'t she be savage if I\'ve been changed for any lesson-books!\' And so.', 'https://lorempixel.com/640/480/cats/?64601', '9544.70', 23, '2011-04-30', 30),
(229, '2019-09-01 04:12:49', '2019-09-01 04:12:49', 'Some of the game, the Queen ordering off her head!\' the Queen merely remarking that a moment\'s.', 'https://lorempixel.com/640/480/cats/?19035', '7217.11', 40, '2015-08-06', 24),
(230, '2019-09-01 04:12:49', '2019-09-01 04:12:49', 'Alice. \'It goes on, you know,\' said the others. \'We must burn the house down!\' said the Mock.', 'https://lorempixel.com/640/480/cats/?55135', '9793.20', 36, '1993-03-17', 31),
(231, '2019-09-01 04:12:49', '2019-09-01 04:12:49', 'Alice. \'But you\'re so easily offended!\' \'You\'ll get used to come once a week: HE taught us.', 'https://lorempixel.com/640/480/cats/?65380', '8791.18', 31, '2000-06-26', 15),
(232, '2019-09-01 04:12:49', '2019-09-01 04:12:49', 'Dormouse say?\' one of them with one finger, as he spoke. \'A cat may look at a king,\' said Alice.', 'https://lorempixel.com/640/480/cats/?28768', '2716.10', 87, '1975-09-22', 10),
(233, '2019-09-01 04:12:49', '2019-09-01 04:12:49', 'Duchess; \'and most of \'em do.\' \'I don\'t see any wine,\' she remarked. \'It tells the day and night!.', 'https://lorempixel.com/640/480/cats/?26720', '7405.30', 94, '2012-04-23', 16),
(234, '2019-09-01 04:12:49', '2019-09-01 04:12:49', 'March Hare said in a fight with another hedgehog, which seemed to have lessons to learn! Oh, I.', 'https://lorempixel.com/640/480/cats/?51596', '1799.60', 82, '1999-11-10', 21),
(235, '2019-09-01 04:12:49', '2019-09-01 04:12:49', 'King said gravely, \'and go on for some while in silence. At last the Caterpillar took the place of.', 'https://lorempixel.com/640/480/cats/?67644', '3235.60', 5, '1991-03-04', 38),
(236, '2019-09-01 04:12:49', '2019-09-01 04:12:49', 'I THINK,\' said Alice. The King laid his hand upon her face. \'Very,\' said Alice: \'besides, that\'s.', 'https://lorempixel.com/640/480/cats/?86717', '8648.56', 9, '2009-03-21', 2),
(237, '2019-09-01 04:12:49', '2019-09-01 04:12:49', 'Duchess said in a very difficult question. However, at last turned sulky, and would only say, \'I.', 'https://lorempixel.com/640/480/cats/?30343', '9691.82', 63, '1972-01-30', 31),
(238, '2019-09-01 04:12:49', '2019-09-01 04:12:49', 'Alice very humbly: \'you had got so much surprised, that for two Pennyworth only of beautiful Soup?.', 'https://lorempixel.com/640/480/cats/?38883', '3616.92', 100, '1979-07-09', 40),
(239, '2019-09-01 04:12:49', '2019-09-01 04:12:49', 'King said, turning to Alice, she went on eagerly: \'There is such a dreadful time.\' So Alice got up.', 'https://lorempixel.com/640/480/cats/?33706', '7364.00', 96, '2001-06-11', 29),
(240, '2019-09-01 04:12:49', '2019-09-01 04:12:49', 'It was as much use in the pool rippling to the Knave. The Knave of Hearts, who only bowed and.', 'https://lorempixel.com/640/480/cats/?93286', '4186.31', 33, '1988-01-24', 24),
(241, '2019-09-01 04:12:49', '2019-09-01 04:12:49', 'Queen said to herself; \'his eyes are so VERY tired of being all alone here!\' As she said to.', 'https://lorempixel.com/640/480/cats/?52211', '6283.99', 8, '1995-10-04', 48),
(242, '2019-09-01 04:12:49', '2019-09-01 04:12:49', 'Alice, who had been looking at Alice the moment she quite forgot you didn\'t sign it,\' said the.', 'https://lorempixel.com/640/480/cats/?77166', '466.51', 31, '1994-08-05', 14),
(243, '2019-09-01 04:12:49', '2019-09-01 04:12:49', 'And the executioner myself,\' said the Queen, \'Really, my dear, and that if you were never even.', 'https://lorempixel.com/640/480/cats/?30620', '4147.47', 70, '2010-02-15', 28),
(244, '2019-09-01 04:12:49', '2019-09-01 04:12:49', 'I begin, please your Majesty!\' the soldiers did. After these came the guests, mostly Kings and.', 'https://lorempixel.com/640/480/cats/?67914', '8356.30', 60, '1979-10-11', 27),
(245, '2019-09-01 04:12:50', '2019-09-01 04:12:50', 'Alice, in a melancholy way, being quite unable to move. She soon got it out to her ear. \'You\'re.', 'https://lorempixel.com/640/480/cats/?99976', '1782.40', 27, '2013-05-03', 36),
(246, '2019-09-01 04:12:50', '2019-09-01 04:12:50', 'MUST be more to come, so she began looking at Alice for protection. \'You shan\'t be beheaded!\'.', 'https://lorempixel.com/640/480/cats/?38926', '3708.00', 84, '1999-11-11', 23),
(247, '2019-09-01 04:12:50', '2019-09-01 04:12:50', 'Cat. \'I said pig,\' replied Alice; \'and I wish I could not even get her head down to look for her.', 'https://lorempixel.com/640/480/cats/?15556', '273.64', 7, '1987-05-12', 6),
(248, '2019-09-01 04:12:50', '2019-09-01 04:12:50', 'Alice kept her eyes immediately met those of a treacle-well--eh, stupid?\' \'But they were mine.', 'https://lorempixel.com/640/480/cats/?98729', '4168.75', 17, '1999-07-14', 14),
(249, '2019-09-01 04:12:50', '2019-09-01 04:12:50', 'Then the Queen furiously, throwing an inkstand at the thought that she might find another key on.', 'https://lorempixel.com/640/480/cats/?97475', '9574.04', 65, '2013-03-31', 28),
(250, '2019-09-01 04:12:50', '2019-09-01 04:12:50', 'Queen\'s absence, and were resting in the same solemn tone, \'For the Duchess. \'I make you grow.', 'https://lorempixel.com/640/480/cats/?21635', '7403.24', 77, '1991-06-05', 5),
(251, '2019-09-12 16:13:23', '2019-09-12 16:57:26', 'poison', 'qXS5OwRPSqKaJLpTn2ewqnAcBTZVzBtmdoPe6Wxx.jpeg', '123.00', 2, '2019-09-13', 1),
(252, '2019-09-13 01:49:03', '2019-09-13 01:49:03', 'ropa', 'Z88OHo9VwFDhPtzaFcFqk0zbWS9N7TZ5mJie0e64.jpeg', '54.00', 77, '2019-09-12', 1);

-- --------------------------------------------------------

--
-- Estructura de tabla para la tabla `productos_carritos`
--

CREATE TABLE `productos_carritos` (
  `id` bigint(20) UNSIGNED NOT NULL,
  `created_at` timestamp NULL DEFAULT NULL,
  `updated_at` timestamp NULL DEFAULT NULL,
  `producto_id` bigint(20) UNSIGNED NOT NULL,
  `carrito_id` bigint(20) UNSIGNED NOT NULL
) ENGINE=InnoDB DEFAULT CHARSET=utf8mb4 COLLATE=utf8mb4_unicode_ci;

--
-- Volcado de datos para la tabla `productos_carritos`
--

INSERT INTO `productos_carritos` (`id`, `created_at`, `updated_at`, `producto_id`, `carrito_id`) VALUES
(18, '2019-09-12 21:06:54', '2019-09-12 21:06:54', 251, 120),
(22, '2019-09-13 01:40:59', '2019-09-13 01:40:59', 14, 124),
(25, '2019-09-13 02:42:27', '2019-09-13 02:42:27', 251, 127),
(26, '2019-09-13 02:42:59', '2019-09-13 02:42:59', 21, 128);

-- --------------------------------------------------------

--
-- Estructura de tabla para la tabla `productos_marcas`
--

CREATE TABLE `productos_marcas` (
  `id` bigint(20) UNSIGNED NOT NULL,
  `created_at` timestamp NULL DEFAULT NULL,
  `updated_at` timestamp NULL DEFAULT NULL,
  `producto_id` bigint(20) UNSIGNED NOT NULL,
  `marca_id` bigint(20) UNSIGNED NOT NULL
) ENGINE=InnoDB DEFAULT CHARSET=utf8mb4 COLLATE=utf8mb4_unicode_ci;

--
-- Volcado de datos para la tabla `productos_marcas`
--

INSERT INTO `productos_marcas` (`id`, `created_at`, `updated_at`, `producto_id`, `marca_id`) VALUES
(1, '2019-09-02 02:02:30', '2019-09-02 02:02:30', 169, 45),
(2, '2019-09-02 02:02:30', '2019-09-02 02:02:30', 111, 38),
(3, '2019-09-02 02:02:30', '2019-09-02 02:02:30', 223, 49),
(4, '2019-09-02 02:02:31', '2019-09-02 02:02:31', 64, 9),
(5, '2019-09-02 02:02:31', '2019-09-02 02:02:31', 234, 30),
(6, '2019-09-02 02:02:31', '2019-09-02 02:02:31', 208, 36),
(8, '2019-09-02 02:02:31', '2019-09-02 02:02:31', 75, 30),
(9, '2019-09-02 02:02:31', '2019-09-02 02:02:31', 167, 47),
(10, '2019-09-02 02:02:31', '2019-09-02 02:02:31', 244, 2),
(11, '2019-09-02 02:02:31', '2019-09-02 02:02:31', 88, 3),
(12, '2019-09-02 02:02:31', '2019-09-02 02:02:31', 240, 44),
(13, '2019-09-02 02:02:31', '2019-09-02 02:02:31', 101, 17),
(14, '2019-09-02 02:02:31', '2019-09-02 02:02:31', 125, 19),
(15, '2019-09-02 02:02:31', '2019-09-02 02:02:31', 50, 50),
(16, '2019-09-02 02:02:31', '2019-09-02 02:02:31', 159, 26),
(17, '2019-09-02 02:02:31', '2019-09-02 02:02:31', 132, 29),
(18, '2019-09-02 02:02:31', '2019-09-02 02:02:31', 35, 15),
(19, '2019-09-02 02:02:31', '2019-09-02 02:02:31', 50, 40),
(20, '2019-09-02 02:02:31', '2019-09-02 02:02:31', 86, 15),
(21, '2019-09-02 02:02:31', '2019-09-02 02:02:31', 154, 42),
(22, '2019-09-02 02:02:31', '2019-09-02 02:02:31', 93, 43),
(23, '2019-09-02 02:02:31', '2019-09-02 02:02:31', 26, 28),
(24, '2019-09-02 02:02:31', '2019-09-02 02:02:31', 22, 16),
(25, '2019-09-02 02:02:31', '2019-09-02 02:02:31', 158, 46),
(26, '2019-09-02 02:02:31', '2019-09-02 02:02:31', 234, 14),
(27, '2019-09-02 02:02:31', '2019-09-02 02:02:31', 183, 48),
(28, '2019-09-02 02:02:31', '2019-09-02 02:02:31', 113, 16),
(29, '2019-09-02 02:02:32', '2019-09-02 02:02:32', 167, 25),
(30, '2019-09-02 02:02:32', '2019-09-02 02:02:32', 53, 1),
(31, '2019-09-02 02:02:32', '2019-09-02 02:02:32', 45, 25),
(32, '2019-09-02 02:02:32', '2019-09-02 02:02:32', 228, 42),
(33, '2019-09-02 02:02:32', '2019-09-02 02:02:32', 52, 44),
(34, '2019-09-02 02:02:32', '2019-09-02 02:02:32', 19, 46),
(35, '2019-09-02 02:02:32', '2019-09-02 02:02:32', 210, 23),
(36, '2019-09-02 02:02:32', '2019-09-02 02:02:32', 115, 44),
(37, '2019-09-02 02:02:32', '2019-09-02 02:02:32', 52, 46),
(38, '2019-09-02 02:02:32', '2019-09-02 02:02:32', 187, 34),
(39, '2019-09-02 02:02:32', '2019-09-02 02:02:32', 23, 9),
(40, '2019-09-02 02:02:32', '2019-09-02 02:02:32', 10, 29),
(41, '2019-09-02 02:02:32', '2019-09-02 02:02:32', 41, 29),
(42, '2019-09-02 02:02:32', '2019-09-02 02:02:32', 103, 10),
(43, '2019-09-02 02:02:32', '2019-09-02 02:02:32', 89, 33),
(44, '2019-09-02 02:02:32', '2019-09-02 02:02:32', 120, 16),
(45, '2019-09-02 02:02:32', '2019-09-02 02:02:32', 145, 20),
(46, '2019-09-02 02:02:32', '2019-09-02 02:02:32', 151, 22),
(47, '2019-09-02 02:02:32', '2019-09-02 02:02:32', 46, 21),
(48, '2019-09-02 02:02:32', '2019-09-02 02:02:32', 55, 21),
(50, '2019-09-02 02:02:32', '2019-09-02 02:02:32', 149, 23),
(51, '2019-09-02 02:02:32', '2019-09-02 02:02:32', 219, 30),
(53, '2019-09-02 02:02:32', '2019-09-02 02:02:32', 52, 36),
(54, '2019-09-02 02:02:32', '2019-09-02 02:02:32', 25, 17),
(55, '2019-09-02 02:02:32', '2019-09-02 02:02:32', 231, 10),
(56, '2019-09-02 02:02:32', '2019-09-02 02:02:32', 118, 48),
(57, '2019-09-02 02:02:32', '2019-09-02 02:02:32', 49, 30),
(58, '2019-09-02 02:02:32', '2019-09-02 02:02:32', 83, 33),
(59, '2019-09-02 02:02:32', '2019-09-02 02:02:32', 119, 11),
(60, '2019-09-02 02:02:32', '2019-09-02 02:02:32', 237, 6),
(61, '2019-09-02 02:02:33', '2019-09-02 02:02:33', 120, 43),
(62, '2019-09-02 02:02:33', '2019-09-02 02:02:33', 149, 31),
(63, '2019-09-02 02:02:33', '2019-09-02 02:02:33', 4, 2),
(64, '2019-09-02 02:02:33', '2019-09-02 02:02:33', 68, 43),
(65, '2019-09-02 02:02:33', '2019-09-02 02:02:33', 250, 16),
(66, '2019-09-02 02:02:33', '2019-09-02 02:02:33', 23, 23),
(67, '2019-09-02 02:02:33', '2019-09-02 02:02:33', 218, 4),
(68, '2019-09-02 02:02:33', '2019-09-02 02:02:33', 53, 41),
(69, '2019-09-02 02:02:33', '2019-09-02 02:02:33', 76, 15),
(70, '2019-09-02 02:02:33', '2019-09-02 02:02:33', 152, 45),
(71, '2019-09-02 02:02:33', '2019-09-02 02:02:33', 179, 23),
(72, '2019-09-02 02:02:33', '2019-09-02 02:02:33', 69, 30),
(73, '2019-09-02 02:02:33', '2019-09-02 02:02:33', 167, 43),
(74, '2019-09-02 02:02:33', '2019-09-02 02:02:33', 214, 21),
(75, '2019-09-02 02:02:33', '2019-09-02 02:02:33', 95, 19),
(76, '2019-09-02 02:02:33', '2019-09-02 02:02:33', 198, 43),
(77, '2019-09-02 02:02:33', '2019-09-02 02:02:33', 132, 12),
(78, '2019-09-02 02:02:33', '2019-09-02 02:02:33', 178, 33),
(79, '2019-09-02 02:02:33', '2019-09-02 02:02:33', 241, 42),
(80, '2019-09-02 02:02:33', '2019-09-02 02:02:33', 37, 11),
(81, '2019-09-02 02:02:33', '2019-09-02 02:02:33', 174, 26),
(82, '2019-09-02 02:02:33', '2019-09-02 02:02:33', 179, 11),
(84, '2019-09-02 02:02:33', '2019-09-02 02:02:33', 168, 9),
(85, '2019-09-02 02:02:33', '2019-09-02 02:02:33', 213, 49),
(86, '2019-09-02 02:02:33', '2019-09-02 02:02:33', 229, 37),
(87, '2019-09-02 02:02:33', '2019-09-02 02:02:33', 170, 4),
(88, '2019-09-02 02:02:34', '2019-09-02 02:02:34', 206, 9),
(89, '2019-09-02 02:02:34', '2019-09-02 02:02:34', 32, 7),
(90, '2019-09-02 02:02:34', '2019-09-02 02:02:34', 116, 1),
(91, '2019-09-02 02:02:34', '2019-09-02 02:02:34', 227, 12),
(92, '2019-09-02 02:02:34', '2019-09-02 02:02:34', 46, 42),
(93, '2019-09-02 02:02:34', '2019-09-02 02:02:34', 72, 38),
(94, '2019-09-02 02:02:34', '2019-09-02 02:02:34', 185, 8),
(95, '2019-09-02 02:02:34', '2019-09-02 02:02:34', 9, 45),
(96, '2019-09-02 02:02:34', '2019-09-02 02:02:34', 45, 20),
(98, '2019-09-02 02:02:34', '2019-09-02 02:02:34', 50, 46),
(99, '2019-09-02 02:02:34', '2019-09-02 02:02:34', 14, 36),
(100, '2019-09-02 02:02:34', '2019-09-02 02:02:34', 181, 7),
(101, '2019-09-02 02:02:34', '2019-09-02 02:02:34', 87, 25),
(102, '2019-09-02 02:02:34', '2019-09-02 02:02:34', 163, 35),
(103, '2019-09-02 02:02:34', '2019-09-02 02:02:34', 120, 14),
(104, '2019-09-02 02:02:34', '2019-09-02 02:02:34', 160, 10),
(105, '2019-09-02 02:02:34', '2019-09-02 02:02:34', 171, 34),
(106, '2019-09-02 02:02:34', '2019-09-02 02:02:34', 168, 4),
(107, '2019-09-02 02:02:34', '2019-09-02 02:02:34', 68, 6),
(108, '2019-09-02 02:02:34', '2019-09-02 02:02:34', 95, 24),
(109, '2019-09-02 02:02:34', '2019-09-02 02:02:34', 177, 23),
(111, '2019-09-02 02:02:34', '2019-09-02 02:02:34', 32, 32),
(112, '2019-09-02 02:02:34', '2019-09-02 02:02:34', 129, 1),
(113, '2019-09-02 02:02:34', '2019-09-02 02:02:34', 83, 16),
(114, '2019-09-02 02:02:34', '2019-09-02 02:02:34', 48, 28),
(115, '2019-09-02 02:02:34', '2019-09-02 02:02:34', 196, 24),
(116, '2019-09-02 02:02:34', '2019-09-02 02:02:34', 190, 16),
(117, '2019-09-02 02:02:34', '2019-09-02 02:02:34', 83, 47),
(118, '2019-09-02 02:02:34', '2019-09-02 02:02:34', 137, 11),
(119, '2019-09-02 02:02:34', '2019-09-02 02:02:34', 84, 30),
(120, '2019-09-02 02:02:35', '2019-09-02 02:02:35', 194, 34),
(121, '2019-09-02 02:02:35', '2019-09-02 02:02:35', 229, 11),
(122, '2019-09-02 02:02:35', '2019-09-02 02:02:35', 96, 23),
(123, '2019-09-02 02:02:35', '2019-09-02 02:02:35', 156, 12),
(124, '2019-09-02 02:02:35', '2019-09-02 02:02:35', 129, 50),
(125, '2019-09-02 02:02:35', '2019-09-02 02:02:35', 88, 33),
(126, '2019-09-02 02:02:35', '2019-09-02 02:02:35', 231, 25),
(127, '2019-09-02 02:02:35', '2019-09-02 02:02:35', 170, 38),
(128, '2019-09-02 02:02:35', '2019-09-02 02:02:35', 203, 42),
(129, '2019-09-02 02:02:35', '2019-09-02 02:02:35', 129, 28),
(130, '2019-09-02 02:02:35', '2019-09-02 02:02:35', 21, 16),
(131, '2019-09-02 02:02:35', '2019-09-02 02:02:35', 187, 29),
(132, '2019-09-02 02:02:35', '2019-09-02 02:02:35', 203, 36),
(133, '2019-09-02 02:02:35', '2019-09-02 02:02:35', 140, 31),
(134, '2019-09-02 02:02:35', '2019-09-02 02:02:35', 199, 2),
(135, '2019-09-02 02:02:35', '2019-09-02 02:02:35', 235, 28),
(137, '2019-09-02 02:02:35', '2019-09-02 02:02:35', 17, 10),
(138, '2019-09-02 02:02:35', '2019-09-02 02:02:35', 145, 29),
(139, '2019-09-02 02:02:35', '2019-09-02 02:02:35', 219, 31),
(140, '2019-09-02 02:02:35', '2019-09-02 02:02:35', 10, 32),
(141, '2019-09-02 02:02:35', '2019-09-02 02:02:35', 111, 41),
(142, '2019-09-02 02:02:35', '2019-09-02 02:02:35', 72, 40),
(143, '2019-09-02 02:02:35', '2019-09-02 02:02:35', 74, 23),
(144, '2019-09-02 02:02:35', '2019-09-02 02:02:35', 246, 17),
(145, '2019-09-02 02:02:35', '2019-09-02 02:02:35', 20, 49),
(146, '2019-09-02 02:02:35', '2019-09-02 02:02:35', 240, 27),
(147, '2019-09-02 02:02:35', '2019-09-02 02:02:35', 38, 36),
(149, '2019-09-02 02:02:35', '2019-09-02 02:02:35', 186, 37),
(150, '2019-09-02 02:02:35', '2019-09-02 02:02:35', 126, 44),
(151, '2019-09-02 02:02:35', '2019-09-02 02:02:35', 133, 39),
(152, '2019-09-02 02:02:35', '2019-09-02 02:02:35', 114, 13),
(154, '2019-09-02 02:02:35', '2019-09-02 02:02:35', 126, 5),
(156, '2019-09-02 02:02:36', '2019-09-02 02:02:36', 134, 46),
(157, '2019-09-02 02:02:36', '2019-09-02 02:02:36', 51, 4),
(158, '2019-09-02 02:02:36', '2019-09-02 02:02:36', 219, 16),
(159, '2019-09-02 02:02:36', '2019-09-02 02:02:36', 124, 11),
(160, '2019-09-02 02:02:36', '2019-09-02 02:02:36', 59, 3),
(161, '2019-09-02 02:02:36', '2019-09-02 02:02:36', 200, 10),
(162, '2019-09-02 02:02:36', '2019-09-02 02:02:36', 100, 29),
(163, '2019-09-02 02:02:36', '2019-09-02 02:02:36', 98, 49),
(164, '2019-09-02 02:02:36', '2019-09-02 02:02:36', 208, 23),
(165, '2019-09-02 02:02:36', '2019-09-02 02:02:36', 6, 10),
(166, '2019-09-02 02:02:36', '2019-09-02 02:02:36', 111, 22),
(167, '2019-09-02 02:02:36', '2019-09-02 02:02:36', 103, 10),
(168, '2019-09-02 02:02:36', '2019-09-02 02:02:36', 84, 7),
(169, '2019-09-02 02:02:36', '2019-09-02 02:02:36', 134, 1),
(170, '2019-09-02 02:02:36', '2019-09-02 02:02:36', 76, 23),
(171, '2019-09-02 02:02:36', '2019-09-02 02:02:36', 96, 43),
(172, '2019-09-02 02:02:36', '2019-09-02 02:02:36', 156, 39),
(173, '2019-09-02 02:02:36', '2019-09-02 02:02:36', 56, 38),
(174, '2019-09-02 02:02:36', '2019-09-02 02:02:36', 119, 32),
(175, '2019-09-02 02:02:36', '2019-09-02 02:02:36', 94, 1),
(176, '2019-09-02 02:02:36', '2019-09-02 02:02:36', 207, 36),
(177, '2019-09-02 02:02:36', '2019-09-02 02:02:36', 123, 26),
(178, '2019-09-02 02:02:36', '2019-09-02 02:02:36', 102, 48),
(179, '2019-09-02 02:02:36', '2019-09-02 02:02:36', 210, 36),
(180, '2019-09-02 02:02:36', '2019-09-02 02:02:36', 233, 8),
(181, '2019-09-02 02:02:36', '2019-09-02 02:02:36', 159, 34),
(182, '2019-09-02 02:02:36', '2019-09-02 02:02:36', 232, 48),
(183, '2019-09-02 02:02:36', '2019-09-02 02:02:36', 210, 45),
(184, '2019-09-02 02:02:36', '2019-09-02 02:02:36', 32, 49),
(185, '2019-09-02 02:02:36', '2019-09-02 02:02:36', 192, 11),
(186, '2019-09-02 02:02:36', '2019-09-02 02:02:36', 45, 21),
(187, '2019-09-02 02:02:36', '2019-09-02 02:02:36', 207, 10),
(188, '2019-09-02 02:02:36', '2019-09-02 02:02:36', 128, 27),
(189, '2019-09-02 02:02:36', '2019-09-02 02:02:36', 223, 43),
(190, '2019-09-02 02:02:36', '2019-09-02 02:02:36', 101, 47),
(191, '2019-09-02 02:02:36', '2019-09-02 02:02:36', 38, 29),
(192, '2019-09-02 02:02:36', '2019-09-02 02:02:36', 6, 23),
(193, '2019-09-02 02:02:37', '2019-09-02 02:02:37', 200, 37),
(194, '2019-09-02 02:02:37', '2019-09-02 02:02:37', 34, 46),
(195, '2019-09-02 02:02:37', '2019-09-02 02:02:37', 239, 4),
(196, '2019-09-02 02:02:37', '2019-09-02 02:02:37', 101, 39),
(198, '2019-09-02 02:02:37', '2019-09-02 02:02:37', 123, 5),
(199, '2019-09-02 02:02:37', '2019-09-02 02:02:37', 87, 19),
(200, '2019-09-02 02:02:37', '2019-09-02 02:02:37', 187, 1),
(201, '2019-09-02 02:02:37', '2019-09-02 02:02:37', 143, 29),
(202, '2019-09-02 02:02:37', '2019-09-02 02:02:37', 92, 9),
(204, '2019-09-02 02:02:37', '2019-09-02 02:02:37', 228, 16),
(205, '2019-09-02 02:02:37', '2019-09-02 02:02:37', 38, 48),
(206, '2019-09-02 02:02:37', '2019-09-02 02:02:37', 112, 42),
(207, '2019-09-02 02:02:37', '2019-09-02 02:02:37', 214, 38),
(208, '2019-09-02 02:02:37', '2019-09-02 02:02:37', 138, 50),
(209, '2019-09-02 02:02:37', '2019-09-02 02:02:37', 236, 34),
(210, '2019-09-02 02:02:37', '2019-09-02 02:02:37', 95, 20),
(211, '2019-09-02 02:02:37', '2019-09-02 02:02:37', 207, 2),
(212, '2019-09-02 02:02:37', '2019-09-02 02:02:37', 129, 29),
(213, '2019-09-02 02:02:37', '2019-09-02 02:02:37', 245, 49),
(214, '2019-09-02 02:02:37', '2019-09-02 02:02:37', 124, 37),
(215, '2019-09-02 02:02:37', '2019-09-02 02:02:37', 159, 14),
(216, '2019-09-02 02:02:37', '2019-09-02 02:02:37', 104, 8),
(217, '2019-09-02 02:02:37', '2019-09-02 02:02:37', 215, 19),
(218, '2019-09-02 02:02:37', '2019-09-02 02:02:37', 47, 45),
(219, '2019-09-02 02:02:37', '2019-09-02 02:02:37', 189, 38),
(220, '2019-09-02 02:02:37', '2019-09-02 02:02:37', 4, 13),
(221, '2019-09-02 02:02:37', '2019-09-02 02:02:37', 108, 16),
(222, '2019-09-02 02:02:37', '2019-09-02 02:02:37', 100, 31),
(223, '2019-09-02 02:02:37', '2019-09-02 02:02:37', 108, 34),
(224, '2019-09-02 02:02:37', '2019-09-02 02:02:37', 151, 10),
(225, '2019-09-02 02:02:37', '2019-09-02 02:02:37', 32, 8),
(226, '2019-09-02 02:02:37', '2019-09-02 02:02:37', 160, 21),
(227, '2019-09-02 02:02:38', '2019-09-02 02:02:38', 36, 8),
(228, '2019-09-02 02:02:38', '2019-09-02 02:02:38', 59, 3),
(229, '2019-09-02 02:02:38', '2019-09-02 02:02:38', 238, 40),
(230, '2019-09-02 02:02:38', '2019-09-02 02:02:38', 29, 34),
(231, '2019-09-02 02:02:38', '2019-09-02 02:02:38', 142, 13),
(232, '2019-09-02 02:02:38', '2019-09-02 02:02:38', 8, 15),
(233, '2019-09-02 02:02:38', '2019-09-02 02:02:38', 161, 50),
(234, '2019-09-02 02:02:38', '2019-09-02 02:02:38', 159, 34),
(235, '2019-09-02 02:02:38', '2019-09-02 02:02:38', 119, 16),
(236, '2019-09-02 02:02:38', '2019-09-02 02:02:38', 250, 29),
(237, '2019-09-02 02:02:38', '2019-09-02 02:02:38', 104, 26),
(238, '2019-09-02 02:02:38', '2019-09-02 02:02:38', 167, 12),
(239, '2019-09-02 02:02:38', '2019-09-02 02:02:38', 118, 12),
(240, '2019-09-02 02:02:38', '2019-09-02 02:02:38', 41, 3),
(241, '2019-09-02 02:02:38', '2019-09-02 02:02:38', 214, 1),
(242, '2019-09-02 02:02:38', '2019-09-02 02:02:38', 51, 36),
(243, '2019-09-02 02:02:38', '2019-09-02 02:02:38', 119, 12),
(244, '2019-09-02 02:02:38', '2019-09-02 02:02:38', 156, 20),
(245, '2019-09-02 02:02:38', '2019-09-02 02:02:38', 201, 22),
(246, '2019-09-02 02:02:38', '2019-09-02 02:02:38', 94, 36),
(247, '2019-09-02 02:02:38', '2019-09-02 02:02:38', 186, 10),
(248, '2019-09-02 02:02:38', '2019-09-02 02:02:38', 179, 47),
(249, '2019-09-02 02:02:38', '2019-09-02 02:02:38', 84, 45),
(250, '2019-09-02 02:02:38', '2019-09-02 02:02:38', 180, 4),
(251, '2019-09-12 16:13:23', '2019-09-12 16:13:23', 251, 1),
(252, '2019-09-13 01:49:03', '2019-09-13 01:49:03', 252, 1);

-- --------------------------------------------------------

--
-- Estructura de tabla para la tabla `users`
--

CREATE TABLE `users` (
  `id` bigint(20) UNSIGNED NOT NULL,
  `name` varchar(191) COLLATE utf8mb4_unicode_ci NOT NULL,
  `email` varchar(191) COLLATE utf8mb4_unicode_ci NOT NULL,
  `email_verified_at` timestamp NULL DEFAULT NULL,
  `password` varchar(191) COLLATE utf8mb4_unicode_ci NOT NULL,
  `remember_token` varchar(100) COLLATE utf8mb4_unicode_ci DEFAULT NULL,
  `created_at` timestamp NULL DEFAULT NULL,
  `updated_at` timestamp NULL DEFAULT NULL,
  `surname` varchar(191) COLLATE utf8mb4_unicode_ci NOT NULL,
  `domicilio` varchar(191) COLLATE utf8mb4_unicode_ci NOT NULL,
  `telefono` varchar(191) COLLATE utf8mb4_unicode_ci NOT NULL,
  `avatar` varchar(191) COLLATE utf8mb4_unicode_ci NOT NULL
) ENGINE=InnoDB DEFAULT CHARSET=utf8mb4 COLLATE=utf8mb4_unicode_ci;

--
-- Volcado de datos para la tabla `users`
--

INSERT INTO `users` (`id`, `name`, `email`, `email_verified_at`, `password`, `remember_token`, `created_at`, `updated_at`, `surname`, `domicilio`, `telefono`, `avatar`) VALUES
(1, 'Nico', 'nico@gmail.com', NULL, '$2y$10$D88H9.GIcB288sjy6dNycuLChVIe/.mSKN4QKB7gvRZkowDUvxWpm', NULL, '2019-09-06 22:12:35', '2019-09-06 22:12:35', 'Bellic', 'calle 234', '123456789', '2n1kzkSuctpRLF1Dq9hnYiDxE23Fq1d1kGtdMvW4.jpeg'),
(2, 'juan', 'juanetello.54@gmail.com', NULL, '$2y$10$ntpVbWcSFpV6SQEmE1SdJeFzGKBoihgtdw.52LbEI/ePsIk5jpB/i', NULL, '2019-09-13 02:08:39', '2019-09-13 02:08:39', 'tello', 'aristides 731', '55543293', 'tGgrgcm8DecA7sdUZAt6uH3nPs5DdtOC1erXZ4fJ.jpeg'),
(3, 'mariano', 'mariano@gmal.com', NULL, '$2y$10$pHpnuKPJlO/4XJ8HbU4LNeI7DSABFymQ4DocpQFnZPXSNA.kHNaHG', NULL, '2019-09-13 02:48:01', '2019-09-13 02:48:01', 'mila', 'roca 453', '333222111', '1DtXcUTo8aM4ZihPwmagLm2qx0ObaNSjwn3QBwws.jpeg');

--
-- Índices para tablas volcadas
--

--
-- Indices de la tabla `carritos`
--
ALTER TABLE `carritos`
  ADD PRIMARY KEY (`id`);

--
-- Indices de la tabla `categorias`
--
ALTER TABLE `categorias`
  ADD PRIMARY KEY (`id`);

--
-- Indices de la tabla `marcas`
--
ALTER TABLE `marcas`
  ADD PRIMARY KEY (`id`);

--
-- Indices de la tabla `migrations`
--
ALTER TABLE `migrations`
  ADD PRIMARY KEY (`id`);

--
-- Indices de la tabla `password_resets`
--
ALTER TABLE `password_resets`
  ADD KEY `password_resets_email_index` (`email`);

--
-- Indices de la tabla `productos`
--
ALTER TABLE `productos`
  ADD PRIMARY KEY (`id`),
  ADD KEY `productos_categoria_id_foreign` (`categoria_id`);

--
-- Indices de la tabla `productos_carritos`
--
ALTER TABLE `productos_carritos`
  ADD PRIMARY KEY (`id`),
  ADD KEY `productos_carritos_producto_id_foreign` (`producto_id`),
  ADD KEY `productos_carritos_carrito_id_foreign` (`carrito_id`);

--
-- Indices de la tabla `productos_marcas`
--
ALTER TABLE `productos_marcas`
  ADD PRIMARY KEY (`id`),
  ADD KEY `productos_marcas_producto_id_foreign` (`producto_id`),
  ADD KEY `productos_marcas_marca_id_foreign` (`marca_id`);

--
-- Indices de la tabla `users`
--
ALTER TABLE `users`
  ADD PRIMARY KEY (`id`),
  ADD UNIQUE KEY `users_email_unique` (`email`);

--
-- AUTO_INCREMENT de las tablas volcadas
--

--
-- AUTO_INCREMENT de la tabla `carritos`
--
ALTER TABLE `carritos`
  MODIFY `id` bigint(20) UNSIGNED NOT NULL AUTO_INCREMENT, AUTO_INCREMENT=129;

--
-- AUTO_INCREMENT de la tabla `categorias`
--
ALTER TABLE `categorias`
  MODIFY `id` bigint(20) UNSIGNED NOT NULL AUTO_INCREMENT, AUTO_INCREMENT=51;

--
-- AUTO_INCREMENT de la tabla `marcas`
--
ALTER TABLE `marcas`
  MODIFY `id` bigint(20) UNSIGNED NOT NULL AUTO_INCREMENT, AUTO_INCREMENT=51;

--
-- AUTO_INCREMENT de la tabla `migrations`
--
ALTER TABLE `migrations`
  MODIFY `id` int(10) UNSIGNED NOT NULL AUTO_INCREMENT, AUTO_INCREMENT=12;

--
-- AUTO_INCREMENT de la tabla `productos`
--
ALTER TABLE `productos`
  MODIFY `id` bigint(20) UNSIGNED NOT NULL AUTO_INCREMENT, AUTO_INCREMENT=253;

--
-- AUTO_INCREMENT de la tabla `productos_carritos`
--
ALTER TABLE `productos_carritos`
  MODIFY `id` bigint(20) UNSIGNED NOT NULL AUTO_INCREMENT, AUTO_INCREMENT=27;

--
-- AUTO_INCREMENT de la tabla `productos_marcas`
--
ALTER TABLE `productos_marcas`
  MODIFY `id` bigint(20) UNSIGNED NOT NULL AUTO_INCREMENT, AUTO_INCREMENT=253;

--
-- AUTO_INCREMENT de la tabla `users`
--
ALTER TABLE `users`
  MODIFY `id` bigint(20) UNSIGNED NOT NULL AUTO_INCREMENT, AUTO_INCREMENT=4;

--
-- Restricciones para tablas volcadas
--

--
-- Filtros para la tabla `productos`
--
ALTER TABLE `productos`
  ADD CONSTRAINT `productos_categoria_id_foreign` FOREIGN KEY (`categoria_id`) REFERENCES `categorias` (`id`);

--
-- Filtros para la tabla `productos_carritos`
--
ALTER TABLE `productos_carritos`
  ADD CONSTRAINT `productos_carritos_carrito_id_foreign` FOREIGN KEY (`carrito_id`) REFERENCES `carritos` (`id`),
  ADD CONSTRAINT `productos_carritos_producto_id_foreign` FOREIGN KEY (`producto_id`) REFERENCES `productos` (`id`);

--
-- Filtros para la tabla `productos_marcas`
--
ALTER TABLE `productos_marcas`
  ADD CONSTRAINT `productos_marcas_marca_id_foreign` FOREIGN KEY (`marca_id`) REFERENCES `marcas` (`id`),
  ADD CONSTRAINT `productos_marcas_producto_id_foreign` FOREIGN KEY (`producto_id`) REFERENCES `productos` (`id`);
COMMIT;

/*!40101 SET CHARACTER_SET_CLIENT=@OLD_CHARACTER_SET_CLIENT */;
/*!40101 SET CHARACTER_SET_RESULTS=@OLD_CHARACTER_SET_RESULTS */;
/*!40101 SET COLLATION_CONNECTION=@OLD_COLLATION_CONNECTION */;
